"Reaction Abbreviation","EC Number"
"R_23PDE2pp","3.1.4.16"
"R_23PDE4pp","3.1.4.16"
"R_23PDE7pp","3.1.4.16"
"R_23PDE9pp","3.1.4.16"
"R_2AGPEAT120","2.3.1.40"
"R_2AGPEAT140","2.3.1.40"
"R_2AGPEAT141","2.3.1.40"
"R_2AGPEAT160","2.3.1.40"
"R_2AGPEAT161","2.3.1.40"
"R_2AGPEAT180","2.3.1.40"
"R_2AGPEAT181","2.3.1.40"
"R_2AGPGAT120","2.3.1.40"
"R_2AGPGAT140","2.3.1.40"
"R_2AGPGAT141","2.3.1.40"
"R_2AGPGAT160","2.3.1.40"
"R_2AGPGAT161","2.3.1.40"
"R_2AGPGAT180","2.3.1.40"
"R_2AGPGAT181","2.3.1.40"
"R_2DGLCNRy","1.1.1.215"
"R_2DGULRGy","1.1.1.215"
"R_3HAD100","4.2.1.60"
"R_3HAD120","4.2.1.61"
"R_3HAD121","4.2.1.61"
"R_3HAD140","4.2.1.61"
"R_3HAD141","4.2.1.61"
"R_3HAD160","4.2.1.61"
"R_3HAD161","4.2.1.61"
"R_3HAD180","4.2.1.61"
"R_3HAD181","4.2.1.61"
"R_3HAD40","4.2.1.58"
"R_3HAD60","4.2.1.58"
"R_3HAD80","4.2.1.58"
"R_3OAR100","1.1.1.100"
"R_3OAR120","1.1.1.100"
"R_3OAR121","1.1.1.100"
"R_3OAR140","1.1.1.100"
"R_3OAR141","1.1.1.100"
"R_3OAR160","1.1.1.100"
"R_3OAR161","1.1.1.100"
"R_3OAR180","1.1.1.100"
"R_3OAR181","1.1.1.100"
"R_3OAR40","1.1.1.100"
"R_3OAR60","1.1.1.100"
"R_3OAR80","1.1.1.100"
"R_3OAS100","2.3.1.41"
"R_3OAS120","2.3.1.41"
"R_3OAS121","2.3.1.41"
"R_3OAS140","2.3.1.41"
"R_3OAS141","2.3.1.41"
"R_3OAS160","2.3.1.41"
"R_3OAS161","2.3.1.41"
"R_3OAS180","2.3.1.41"
"R_3OAS181","2.3.1.41"
"R_3OAS60","2.3.1.41"
"R_3OAS80","2.3.1.41"
"R_42A12BOOXpp","1.4.3.6"
"R_5DGLCNR","1.1.1.69"
"R_A5PISO","5.3.1.13"
"R_AACPS1","6.2.1.20"
"R_AACPS2","6.2.1.20"
"R_AACPS3","6.2.1.20"
"R_AACPS4","6.2.1.20"
"R_AACPS5","6.2.1.20"
"R_AACPS6","6.2.1.20"
"R_AACPS7","6.2.1.20"
"R_AACPS8","6.2.1.20"
"R_AACPS9","6.2.1.20"
"R_AB6PGH","3.2.1.86"
"R_ABTA","2.6.1.19"
"R_ABUTD","1.2.1.19"
"R_ACACT1r","2.3.1.9"
"R_ACACT2r","2.3.1.16"
"R_ACACT3r","2.3.1.16"
"R_ACACT4r","2.3.1.16"
"R_ACACT5r","2.3.1.16"
"R_ACACT6r","2.3.1.16"
"R_ACACT7r","2.3.1.16"
"R_ACACT8r","2.3.1.16"
"R_ACALD","1.2.1.10"
"R_ACANTHAT","2.3.1.118"
"R_ACCOAC","6.4.1.2"
"R_ACCOAL","6.2.1.13"
"R_ACGAL1PPpp","3.1.3.10"
"R_ACGAM1PPpp","3.1.3.10"
"R_ACGAMK","2.7.1.59"
"R_ACGK","2.7.2.8"
"R_ACGS","2.3.1.1"
"R_ACKr","2.7.2.1"
"R_ACLS","4.1.3.18"
"R_ACNML","4.1.3.3"
"R_ACOAD1f","1.3.99.2"
"R_ACOAD2f","1.3.99.3"
"R_ACOAD3f","1.3.99.3"
"R_ACOAD4f","1.3.99.3"
"R_ACOAD5f","1.3.99.3"
"R_ACOAD6f","1.3.99.3"
"R_ACOAD7f","1.3.99.3"
"R_ACOAD8f","1.3.99.3"
"R_ACOATA","2.3.1.38"
"R_ACODA","3.5.1.16"
"R_ACONIs","5.3.3.7"
"R_ACONTa","4.2.1.3"
"R_ACONTb","4.2.1.3"
"R_ACOTA","2.6.1.11"
"R_ACPS1","2.7.8.7"
"R_ACS","6.2.1.1"
"R_ADA","3.5.4.4"
"R_ADD","3.5.4.2"
"R_ADK1","2.7.4.3"
"R_ADMDC","4.1.1.50"
"R_ADNCYC","4.6.1.1"
"R_ADNK1","2.7.1.20"
"R_ADNUC","3.2.2.8"
"R_ADPRDP","3.6.1.13"
"R_ADPT","2.4.2.7"
"R_ADSK","2.7.1.25"
"R_ADSL1r","4.3.2.2"
"R_ADSL2r","4.3.2.2"
"R_ADSS","6.3.4.4"
"R_AGDC","3.5.1.25"
"R_AGMHE","5.1.3.20"
"R_AGMT","3.5.3.11"
"R_AGPAT120","2.3.1.51"
"R_AGPAT140","2.3.1.51"
"R_AGPAT141","2.3.1.51"
"R_AGPAT160","2.3.1.51"
"R_AGPAT161","2.3.1.51"
"R_AGPAT180","2.3.1.51"
"R_AGPAT181","2.3.1.51"
"R_AGPR","1.2.1.38"
"R_AHCYSNS","3.2.2.9"
"R_AICART","2.1.2.3"
"R_AKGDH","1.8.1.4 1.2.4.2 2.3.1.61"
"R_ALAALAD","3.4.17.14"
"R_ALAALAr","6.3.2.4"
"R_ALAR","5.1.1.1"
"R_ALATA_L","2.6.1.2"
"R_ALATRS","6.1.1.7"
"R_ALCD19","1.1.1.1"
"R_ALCD2x","1.1.1.1"
"R_ALDD19x","1.2.1.39"
"R_ALDD19xr","1.2.1.39"
"R_ALDD2x","1.2.1.3"
"R_ALDD2y","1.2.1.4"
"R_ALLTAMH","3.5.3.9"
"R_ALLTN","3.5.2.5"
"R_ALTRH","4.2.1.7"
"R_AMALT1","2.4.1.25"
"R_AMALT2","2.4.1.25"
"R_AMALT3","2.4.1.25"
"R_AMALT4","2.4.1.25"
"R_AMANK","2.7.1.60"
"R_AMAOTr","2.6.1.62"
"R_AMPN","3.2.2.4"
"R_AMPTASECG","3.4.11.2"
"R_AMPTASEPG","3.4.11.2"
"R_ANPRT","2.4.2.18"
"R_ANS","4.1.3.27"
"R_AOXSr","2.3.1.47"
"R_AOXSr2","2.3.1.47"
"R_AP4AH","3.6.1.41"
"R_APCS","2.5.1.16"
"R_APH120","3.6.1.7"
"R_APH140","3.6.1.7"
"R_APH141","3.6.1.7"
"R_APH160","3.6.1.7"
"R_APH161","3.6.1.7"
"R_APH180","3.6.1.7"
"R_APH181","3.6.1.7"
"R_APPLDHr","1.1.1.75"
"R_APRAUR","1.1.1.193"
"R_ARAI","5.3.1.4"
"R_ARGDC","4.1.1.19"
"R_ARGDCpp","4.1.1.19"
"R_ARGSL","4.3.2.1"
"R_ARGSS","6.3.4.5"
"R_ARGTRS","6.1.1.19"
"R_ASAD","1.2.1.11"
"R_ASNN","3.5.1.1"
"R_ASNNpp","3.5.1.1"
"R_ASNS1","6.3.5.4"
"R_ASNS2","6.3.1.1"
"R_ASNTRS","6.1.1.22"
"R_ASP1DC","4.1.1.11"
"R_ASPCT","2.1.3.2"
"R_ASPK","2.7.2.4"
"R_ASPT","4.3.1.1"
"R_ASPTA","2.6.1.1"
"R_ASPTRS","6.1.1.12"
"R_AST","2.3.1.109"
"R_ATPPRT","2.4.2.17"
"R_ATPS4rpp","3.6.3.14"
"R_BETALDHx","1.2.1.8"
"R_BETALDHy","1.2.1.8"
"R_BPNT","3.1.3.7"
"R_BTS4","2.8.1.6"
"R_BTS5","2.8.1.6"
"R_BUTCT","2.8.3.8"
"R_CAT","1.11.1.6"
"R_CBIAT","2.5.1.17"
"R_CBLAT","2.5.1.17"
"R_CBMKr","2.7.2.2"
"R_CBPS","6.3.5.5"
"R_CDAPPA120","3.6.1.26"
"R_CDAPPA140","3.6.1.26"
"R_CDAPPA141","3.6.1.26"
"R_CDAPPA160","3.6.1.26"
"R_CDAPPA161","3.6.1.26"
"R_CDAPPA180","3.6.1.26"
"R_CDAPPA181","3.6.1.26"
"R_CFAS160E","2.1.1.79"
"R_CFAS160G","2.1.1.79"
"R_CFAS180E","2.1.1.79"
"R_CFAS180G","2.1.1.79"
"R_CHOLD","1.1.99.1"
"R_CHORM","5.4.99.5"
"R_CHORS","4.2.3.5"
"R_CITL","4.1.3.6"
"R_CMPN","3.2.2.10"
"R_CPPPGO","1.3.3.3"
"R_CS","2.3.3.1"
"R_CSND","3.5.4.1"
"R_CTECOAI6","5.3.3.8"
"R_CTECOAI7","5.3.3.8"
"R_CTECOAI8","5.3.3.8"
"R_CTPS2","6.3.4.2"
"R_CYANST","2.8.1.1"
"R_CYANSTpp","2.8.1.1"
"R_CYSDDS","4.4.1.15"
"R_CYSDS","4.1.99.1"
"R_CYSSADS","4.1.1.12"
"R_CYSTL","4.4.1.8"
"R_CYSTRS","6.1.1.16"
"R_CYTBDpp","1.9.3.- 1.10.3.-"
"R_CYTD","3.5.4.5"
"R_CYTDH","3.2.2.8"
"R_CYTK1","2.7.4.14"
"R_CYTK2","2.7.4.14"
"R_DAAD","1.4.99.1"
"R_DADK","2.7.4.11"
"R_DAGK120","2.7.1.107"
"R_DAGK140","2.7.1.107"
"R_DAGK141","2.7.1.107"
"R_DAGK160","2.7.1.107"
"R_DAGK161","2.7.1.107"
"R_DAGK180","2.7.1.107"
"R_DAGK181","2.7.1.107"
"R_DAPAL","4.3.1.15"
"R_DAPDC","4.1.1.20"
"R_DAPE","5.1.1.7"
"R_DASYN120","2.7.7.41"
"R_DASYN140","2.7.7.41"
"R_DASYN141","2.7.7.41"
"R_DASYN160","2.7.7.41"
"R_DASYN161","2.7.7.41"
"R_DASYN180","2.7.7.41"
"R_DASYN181","2.7.7.41"
"R_DBTS","6.3.3.3"
"R_DCTPD","3.5.4.13"
"R_DCYTD","3.5.4.14"
"R_DDGALK","2.7.1.58"
"R_DDGLK","2.7.1.45"
"R_DDPA","4.1.2.15"
"R_DDPGALA","4.1.2.21"
"R_DGK1","2.7.4.8"
"R_DHAD1","4.2.1.9"
"R_DHBD","1.3.1.28"
"R_DHBS","2.7.7.58"
"R_DHDPRy","1.3.1.26"
"R_DHDPS","4.2.1.52"
"R_DHFR","1.5.1.3"
"R_DHFS","6.3.2.12"
"R_DHNPA2r","4.1.2.25"
"R_DHORD2","1.3.3.1"
"R_DHORD5","1.3.3.1"
"R_DHORTS","3.5.2.3"
"R_DHPPDA2","3.5.4.26"
"R_DHPS2","2.5.1.15"
"R_DHQS","4.2.3.4"
"R_DHQTi","4.2.1.10"
"R_DMATT","2.5.1.1"
"R_DPCOAK","2.7.1.24"
"R_DPR","1.1.1.169"
"R_DRPA","4.1.2.4"
"R_DTARTD","4.2.1.81"
"R_DTMPK","2.7.4.9"
"R_DURADx","1.3.1.1"
"R_DUTPDP","3.6.1.23"
"R_EAR100x","1.3.1.9"
"R_EAR100y","1.3.1.10"
"R_EAR120x","1.3.1.9"
"R_EAR120y","1.3.1.10"
"R_EAR121x","1.3.1.9"
"R_EAR121y","1.3.1.10"
"R_EAR140x","1.3.1.9"
"R_EAR140y","1.3.1.10"
"R_EAR141x","1.3.1.9"
"R_EAR141y","1.3.1.10"
"R_EAR160x","1.3.1.9"
"R_EAR160y","1.3.1.10"
"R_EAR161x","1.3.1.9"
"R_EAR161y","1.3.1.10"
"R_EAR180x","1.3.1.9"
"R_EAR180y","1.3.1.10"
"R_EAR181x","1.3.1.9"
"R_EAR181y","1.3.1.10"
"R_EAR40x","1.3.1.9"
"R_EAR40y","1.3.1.10"
"R_EAR60x","1.3.1.9"
"R_EAR60y","1.3.1.10"
"R_EAR80x","1.3.1.9"
"R_EAR80y","1.3.1.10"
"R_ECOAH1","4.2.1.17"
"R_ECOAH2","4.2.1.17"
"R_ECOAH3","4.2.1.17"
"R_ECOAH4","4.2.1.17"
"R_ECOAH5","4.2.1.17"
"R_ECOAH6","4.2.1.17"
"R_ECOAH7","4.2.1.17"
"R_ECOAH8","4.2.1.17"
"R_EDA","4.1.2.14"
"R_EDD","4.2.1.12"
"R_EGMEACPR","1.3.1.10"
"R_ENO","4.2.1.11"
"R_EPMEACPR","1.3.1.10"
"R_ETHAAL","4.3.1.7"
"R_FA100ACPHi","3.1.2.14"
"R_FA120ACPHi","3.1.2.14"
"R_FA140ACPHi","3.1.2.14"
"R_FA141ACPHi","3.1.2.14"
"R_FA160ACPHi","3.1.2.14"
"R_FA161ACPHi","3.1.2.14"
"R_FA80ACPHi","3.1.2.14"
"R_FACOAL100t2pp","6.2.1.3"
"R_FACOAL120t2pp","6.2.1.3"
"R_FACOAL140t2pp","6.2.1.3"
"R_FACOAL141t2pp","6.2.1.3"
"R_FACOAL160t2pp","6.2.1.3"
"R_FACOAL161t2pp","6.2.1.3"
"R_FACOAL180t2pp","6.2.1.3"
"R_FACOAL181t2pp","6.2.1.3"
"R_FACOAL60t2pp","6.2.1.3"
"R_FACOAL80t2pp","6.2.1.3"
"R_FBA","4.1.2.13"
"R_FBA3","4.1.2.13"
"R_FBP","3.1.3.11"
"R_FCI","5.3.1.25"
"R_FCLK","2.7.1.51"
"R_FCLPA","4.1.2.17"
"R_FCLT","4.99.1.1"
"R_FDH4pp","1.2.2.1"
"R_FDH5pp","1.2.2.1"
"R_FEROpp","1.16.3.1"
"R_FFSD","3.2.1.26"
"R_FLDR","1.18.1.2"
"R_FLVR","1.5.1.30"
"R_FLVRx","1.5.1.30"
"R_FMETTRS","2.1.2.9"
"R_FMNAT","2.7.7.2"
"R_FOMETRi","2.1.2.10"
"R_FRD2","1.3.99.1"
"R_FRD3","1.3.99.1"
"R_FRUK","2.7.1.56"
"R_FRUpts2pp","2.7.1.69 2.7.3.9"
"R_FTHFD","3.5.1.10"
"R_FTHFLi","6.3.4.3"
"R_FUM","4.2.1.2"
"R_G1PACT","2.3.1.157"
"R_G1PPpp","3.1.3.10"
"R_G1PTT","2.7.7.24"
"R_G1SAT","5.4.3.8"
"R_G3PAT120","2.3.1.15"
"R_G3PAT140","2.3.1.15"
"R_G3PAT141","2.3.1.15"
"R_G3PAT160","2.3.1.15"
"R_G3PAT161","2.3.1.15"
"R_G3PAT180","2.3.1.15"
"R_G3PAT181","2.3.1.15"
"R_G3PD2","1.1.1.94"
"R_G3PD5","1.1.99.5"
"R_G3PD6","1.1.99.5"
"R_G3PD7","1.1.99.5"
"R_G5SD","1.2.1.41"
"R_G6PDA","3.5.99.6"
"R_G6PDH2r","1.1.1.49"
"R_G6PP","3.1.3.9"
"R_GAL1PPpp","3.1.3.10"
"R_GALCTD","4.2.1.42"
"R_GALCTND","4.2.1.6"
"R_GALKr","2.7.1.6"
"R_GALM2pp","5.1.3.3"
"R_GALS3","3.2.1.22"
"R_GALUi","2.7.7.9"
"R_GAPD","1.2.1.12"
"R_GARFT","2.1.2.2"
"R_GCALDD","1.2.1.21"
"R_GDPTPDP","3.1.7.2"
"R_GF6PTA","2.6.1.16"
"R_GHMT2r","2.1.2.1"
"R_GK1","2.7.4.8"
"R_GLBRAN2","2.4.1.18"
"R_GLCATr","2.3.1.79"
"R_GLCP","2.4.1.1"
"R_GLCP2","2.4.1.1"
"R_GLCRAL","4.1.2.20"
"R_GLCRD","4.2.1.40"
"R_GLCS1","2.4.1.21"
"R_GLCptspp","2.7.1.69 2.7.3.9"
"R_GLGC","2.7.7.27"
"R_GLNS","6.3.1.2"
"R_GLNTRS","6.1.1.18"
"R_GLU5K","2.7.2.11"
"R_GLUCYS","6.3.2.2"
"R_GLUDC","4.1.1.15"
"R_GLUDy","1.4.1.4"
"R_GLUN","3.5.1.2"
"R_GLUNpp","3.5.1.2"
"R_GLUPRT","2.4.2.14"
"R_GLUR","5.1.1.3"
"R_GLUSy","1.4.1.13"
"R_GLUTRS","6.1.1.17"
"R_GLXCL","4.1.1.47"
"R_GLYAT","2.3.1.29"
"R_GLYCDx","1.1.1.6"
"R_GLYCK","2.7.1.31"
"R_GLYCK2","2.7.1.31"
"R_GLYCLTDy","1.1.1.26"
"R_GLYK","2.7.1.30"
"R_GLYOX","3.1.2.6"
"R_GLYTRS","6.1.1.14"
"R_GMAND","4.2.1.47"
"R_GMPR","1.7.1.7"
"R_GMPS2","6.3.5.2"
"R_GND","1.1.1.44"
"R_GNK","2.7.1.12"
"R_GPDDA1","3.1.4.46"
"R_GPDDA1pp","3.1.4.46"
"R_GPDDA2","3.1.4.46"
"R_GPDDA2pp","3.1.4.46"
"R_GPDDA3","3.1.4.46"
"R_GPDDA3pp","3.1.4.46"
"R_GPDDA4","3.1.4.46"
"R_GPDDA4pp","3.1.4.46"
"R_GPDDA5","3.1.4.46"
"R_GPDDA5pp","3.1.4.46"
"R_GRTT","2.5.1.10"
"R_GRXR","1.8.4.2"
"R_GSPMDA","3.5.1.78"
"R_GSPMDS","6.3.1.8"
"R_GTHOr","1.8.1.7"
"R_GTHPi","1.11.1.9"
"R_GTHS","6.3.2.3"
"R_GTPCI","3.5.4.16"
"R_GTPDPDP","3.6.1.40"
"R_GTPDPK","2.7.6.5"
"R_GUACYC","4.6.1.2"
"R_GUAD","3.5.4.3"
"R_GUAPRT","2.4.2.8"
"R_GUI1","5.3.1.12"
"R_GUI2","5.3.1.12"
"R_HACD1","1.1.1.35"
"R_HACD1i","1.1.1.35"
"R_HACD2","1.1.1.35"
"R_HACD2i","1.1.1.35"
"R_HACD3","1.1.1.35"
"R_HACD3i","1.1.1.35"
"R_HACD4","1.1.1.35"
"R_HACD4i","1.1.1.35"
"R_HACD5","1.1.1.35"
"R_HACD5i","1.1.1.35"
"R_HACD6","1.1.1.35"
"R_HACD6i","1.1.1.35"
"R_HACD7","1.1.1.35"
"R_HACD7i","1.1.1.35"
"R_HACD8","1.1.1.35"
"R_HACD8i","1.1.1.35"
"R_HCO3E","4.2.1.1"
"R_HCYSMT","2.1.1.10"
"R_HDCOAI","5.3.3.8"
"R_HETZK","2.7.1.50"
"R_HEX1","2.7.1.1"
"R_HEX4","2.7.1.7"
"R_HEX7","2.7.1.1"
"R_HISTD","1.1.1.23"
"R_HISTP","3.1.3.15"
"R_HISTRS","6.1.1.21"
"R_HMBS","4.3.1.8"
"R_HMPK1","2.7.1.49"
"R_HPPK2","2.7.6.3"
"R_HPPPNDO","1.13.11.16"
"R_HPYRI","5.3.1.22"
"R_HSDy","1.1.1.3"
"R_HSK","2.7.1.39"
"R_HSST","2.3.1.46"
"R_HSTPT","2.6.1.9"
"R_HXCT","2.8.3.8"
"R_HXPRT","2.4.2.8"
"R_HYD1pp","1.18.99.1"
"R_HYD2pp","1.18.99.1"
"R_HYD3pp","1.18.99.1"
"R_ICDHyr","1.1.1.42"
"R_ICHORS","5.4.99.6"
"R_ICHORT","3.3.2.1"
"R_ICL","4.1.3.1"
"R_IGPDH","4.2.1.19"
"R_IGPS","4.1.1.48"
"R_ILETA","2.6.1.42"
"R_ILETRS","6.1.1.5"
"R_IMPC","3.5.4.10"
"R_IMPD","1.1.1.205"
"R_INSH","3.2.2.8"
"R_INSK","2.7.1.73"
"R_IPDDI","5.3.3.2"
"R_IPMD","1.1.1.85"
"R_IPPMIa","4.2.1.33"
"R_IPPMIb","4.2.1.33"
"R_IPPS","4.1.3.12"
"R_KARA1","1.1.1.86"
"R_KARA2","1.1.1.86"
"R_KAS14","2.3.1.41"
"R_KAT1","2.3.1.16"
"R_KAT2","2.3.1.16"
"R_KAT3","2.3.1.16"
"R_KAT4","2.3.1.16"
"R_KAT5","2.3.1.16"
"R_KAT6","2.3.1.16"
"R_KAT7","2.3.1.16"
"R_KAT8","2.3.1.16"
"R_KDOCT2","2.7.7.38"
"R_KDOPP","3.1.3.45"
"R_KDOPS","4.1.2.16"
"R_LACZ","3.2.1.23"
"R_LACZpp","3.2.1.108"
"R_LALDO2x","1.1.1.21"
"R_LALDO3","1.1.1.21"
"R_LCADi","1.2.1.21"
"R_LCARR","1.1.1.77"
"R_LCARS","1.1.1.77"
"R_LDH_D","1.1.1.28"
"R_LDH_D2","1.1.2.4"
"R_LEUTAi","2.6.1.42"
"R_LEUTRS","6.1.1.4"
"R_LGTHL","4.4.1.5"
"R_LPADSS","2.4.1.182"
"R_LPLIPAL1A120pp","3.1.1.5"
"R_LPLIPAL1A140pp","3.1.1.5"
"R_LPLIPAL1A141pp","3.1.1.5"
"R_LPLIPAL1A160pp","3.1.1.5"
"R_LPLIPAL1A161pp","3.1.1.5"
"R_LPLIPAL1A180pp","3.1.1.5"
"R_LPLIPAL1A181pp","3.1.1.5"
"R_LPLIPAL1E120pp","3.1.1.5"
"R_LPLIPAL1E140pp","3.1.1.5"
"R_LPLIPAL1E141pp","3.1.1.5"
"R_LPLIPAL1E160pp","3.1.1.5"
"R_LPLIPAL1E161pp","3.1.1.5"
"R_LPLIPAL1E180pp","3.1.1.5"
"R_LPLIPAL1E181pp","3.1.1.5"
"R_LPLIPAL1G120pp","3.1.1.5"
"R_LPLIPAL1G140pp","3.1.1.5"
"R_LPLIPAL1G141pp","3.1.1.5"
"R_LPLIPAL1G160pp","3.1.1.5"
"R_LPLIPAL1G161pp","3.1.1.5"
"R_LPLIPAL1G180pp","3.1.1.5"
"R_LPLIPAL1G181pp","3.1.1.5"
"R_LPLIPAL2A120","3.1.1.5"
"R_LPLIPAL2A140","3.1.1.5"
"R_LPLIPAL2A141","3.1.1.5"
"R_LPLIPAL2A160","3.1.1.5"
"R_LPLIPAL2A161","3.1.1.5"
"R_LPLIPAL2A180","3.1.1.5"
"R_LPLIPAL2A181","3.1.1.5"
"R_LPLIPAL2E120","3.1.1.5"
"R_LPLIPAL2E140","3.1.1.5"
"R_LPLIPAL2E141","3.1.1.5"
"R_LPLIPAL2E160","3.1.1.5"
"R_LPLIPAL2E161","3.1.1.5"
"R_LPLIPAL2E180","3.1.1.5"
"R_LPLIPAL2E181","3.1.1.5"
"R_LPLIPAL2G120","3.1.1.5"
"R_LPLIPAL2G140","3.1.1.5"
"R_LPLIPAL2G141","3.1.1.5"
"R_LPLIPAL2G160","3.1.1.5"
"R_LPLIPAL2G161","3.1.1.5"
"R_LPLIPAL2G180","3.1.1.5"
"R_LPLIPAL2G181","3.1.1.5"
"R_LYSDC","4.1.1.18"
"R_LYSTRS","6.1.1.6"
"R_L_DASH_LACD2","1.1.2.3"
"R_L_DASH_LACD3","1.1.2.3"
"R_L_LACD2","1.1.2.3"
"R_L_LACD3","1.1.2.3"
"R_M1PD","1.1.1.17"
"R_MALDDH","1.1.1.83"
"R_MALS","4.1.3.2"
"R_MALTATr","2.3.1.79"
"R_MAN1PT2","2.7.7.22"
"R_MAN6PI","5.3.1.8"
"R_MANAO","1.1.1.57"
"R_MCITD","4.2.1.79"
"R_MCITL2","4.1.3.30"
"R_MCITS","4.1.3.31"
"R_MCOATA","2.3.1.39"
"R_MCPST","2.8.1.2"
"R_MDDCP1pp","3.4.16.4"
"R_MDDCP2pp","3.4.16.4"
"R_MDDCP3pp","3.4.16.4"
"R_MDDCP4pp","3.4.16.4"
"R_MDDCP5pp","3.4.16.4"
"R_MDH","1.1.1.37"
"R_MDH2","1.1.99.16"
"R_MDH3","1.1.99.16"
"R_ME1","1.1.1.38"
"R_ME2","1.1.1.40"
"R_METAT","2.5.1.6"
"R_METS","2.1.1.13"
"R_METSOXR1","1.8.4.5"
"R_METTRS","6.1.1.10"
"R_MGSA","4.2.3.3"
"R_MI1PP","3.1.3.25"
"R_MICITD","4.2.1.99"
"R_MICITDr","4.2.1.99"
"R_MLDCP1App","3.4.17.13"
"R_MLDCP1Bpp","3.4.17.13"
"R_MLDCP2App","3.4.17.13"
"R_MLDCP2Bpp","3.4.17.13"
"R_MLDCP3App","3.4.17.13"
"R_MMCD","4.1.1.41"
"R_MME","5.1.99.1"
"R_MMM","5.4.99.2"
"R_MMM2","5.4.99.2"
"R_MNNH","4.2.1.8"
"R_MOHMT","2.1.2.11"
"R_MOX","1.1.3.3"
"R_MTAN","3.2.2.16"
"R_MTHFC","3.5.4.9"
"R_MTHFD","1.5.1.5"
"R_MTHFR2","1.5.1.20"
"R_MTRI","5.3.1.23"
"R_MTRK","2.7.1.100"
"R_MTRPOX","1.5.3.2"
"R_NADDP","3.6.1.22"
"R_NADH10","1.6.5.3"
"R_NADH16pp","1.6.5.3"
"R_NADH17pp","1.6.5.3"
"R_NADH18pp","1.6.5.3"
"R_NADH5","1.6.5.3"
"R_NADH9","1.6.5.3"
"R_NADK","2.7.1.23"
"R_NADN","3.2.2.5"
"R_NADPHQR2","1.6.99.6"
"R_NADPHQR3","1.6.99.6"
"R_NADPHQR4","1.6.99.6"
"R_NADS1","6.3.1.5"
"R_NADTRHD","1.6.1.2 1.6.1.1"
"R_NAMNPP","2.4.2.11"
"R_NDPK1","2.7.4.6"
"R_NDPK2","2.7.4.6"
"R_NDPK3","2.7.4.6"
"R_NDPK4","2.7.4.6"
"R_NDPK5","2.7.4.6"
"R_NDPK6","2.7.4.6"
"R_NDPK7","2.7.4.6"
"R_NDPK8","2.7.4.6"
"R_NMNAT","2.7.7.1"
"R_NMNDA","3.5.1.42"
"R_NMNN","3.2.2.14"
"R_NMNt7pp","3.2.2.14"
"R_NNAM","3.5.1.19"
"R_NNATr","2.7.7.18"
"R_NNDPR","2.4.2.19"
"R_NO3R1bpp","1.7.99.4"
"R_NO3R1pp","1.7.99.4"
"R_NO3R2bpp","1.7.99.4"
"R_NODOx","1.14.12.17"
"R_NODOy","1.14.12.17"
"R_NPHS","4.1.3.36"
"R_NTD1","3.1.3.5"
"R_NTD10","3.1.3.5"
"R_NTD10pp","3.1.3.5"
"R_NTD11","3.1.3.5"
"R_NTD11pp","3.1.3.5"
"R_NTD12","3.1.3.5"
"R_NTD12pp","3.1.3.5"
"R_NTD1pp","3.1.3.5"
"R_NTD2","3.1.3.5"
"R_NTD2pp","3.1.3.5"
"R_NTD3","3.1.3.5"
"R_NTD3pp","3.1.3.5"
"R_NTD4","3.1.3.5"
"R_NTD4pp","3.1.3.5"
"R_NTD5","3.1.3.5"
"R_NTD5pp","3.1.3.5"
"R_NTD6","3.1.3.5"
"R_NTD6pp","3.1.3.5"
"R_NTD7","3.1.3.5"
"R_NTD7pp","3.1.3.5"
"R_NTD8","3.1.3.5"
"R_NTD8pp","3.1.3.5"
"R_NTD9","3.1.3.5"
"R_NTD9pp","3.1.3.5"
"R_NTP1","3.6.1.15"
"R_NTP10","3.6.1.15"
"R_NTP11","3.6.1.15"
"R_NTP12","3.6.1.15"
"R_NTP3","3.6.1.15"
"R_NTP3pp","3.6.1.15"
"R_NTP5","3.6.1.15"
"R_NTPP10","3.6.1.19"
"R_NTPP11","3.6.1.19"
"R_NTPP9","3.6.1.19"
"R_NTPTP1","3.1.5.1"
"R_NTPTP2","3.1.5.1"
"R_OAADC","4.1.1.3"
"R_OCBT","2.1.3.3"
"R_ODECOAI","5.3.3.8"
"R_OGMEACPD","4.2.1.59"
"R_OGMEACPR","1.1.1.100"
"R_OHPBAT","2.6.1.52"
"R_OMPDC","4.1.1.23"
"R_OP4ENH","4.2.1.80"
"R_OPMEACPD","4.2.1.59"
"R_OPMEACPR","1.1.1.100"
"R_OPMEACPS","2.3.1.41"
"R_ORNDC","4.1.1.17"
"R_ORPT","2.4.2.10"
"R_OXAMTC","2.1.3.5"
"R_OXCDC","4.1.1.8"
"R_OXGDC2","4.1.1.71"
"R_P5CD","1.5.1.12"
"R_P5CR","1.5.1.2"
"R_PACCOAL","6.2.1.30"
"R_PANTS","6.3.2.1"
"R_PAPA120","3.1.3.4"
"R_PAPA120pp","3.1.3.4"
"R_PAPA140","3.1.3.4"
"R_PAPA140pp","3.1.3.4"
"R_PAPA141","3.1.3.4"
"R_PAPA141pp","3.1.3.4"
"R_PAPA160","3.1.3.4"
"R_PAPA160pp","3.1.3.4"
"R_PAPA161","3.1.3.4"
"R_PAPA161pp","3.1.3.4"
"R_PAPA180","3.1.3.4"
"R_PAPA180pp","3.1.3.4"
"R_PAPA181","3.1.3.4"
"R_PAPA181pp","3.1.3.4"
"R_PAPPT3","2.7.8.13"
"R_PAPSR","1.8.4.8"
"R_PAPSR2","1.8.4.8"
"R_PDE1","3.1.4.17"
"R_PDE4","3.1.4.17"
"R_PDH","1.2.4.1 2.3.1.12 1.8.1.4"
"R_PDX5POi","1.4.3.5"
"R_PEAMNOpp","1.4.3.6"
"R_PFK","2.7.1.11"
"R_PFK_2","2.7.1.11"
"R_PFK_3","2.7.1.11"
"R_PFL","1.97.1.4 2.3.1.54"
"R_PGAMT","5.4.2.10"
"R_PGCD","1.1.1.95"
"R_PGI","5.3.1.9"
"R_PGK","2.7.2.3"
"R_PGL","3.1.1.31"
"R_PGLYCP","3.1.3.18"
"R_PGM","5.4.2.1"
"R_PGMT","5.4.2.2"
"R_PGPP120","3.1.3.27"
"R_PGPP120pp","3.1.3.27"
"R_PGPP140","3.1.3.27"
"R_PGPP140pp","3.1.3.27"
"R_PGPP141","3.1.3.27"
"R_PGPP141pp","3.1.3.27"
"R_PGPP160","3.1.3.27"
"R_PGPP160pp","3.1.3.27"
"R_PGPP161","3.1.3.27"
"R_PGPP161pp","3.1.3.27"
"R_PGPP180","3.1.3.27"
"R_PGPP180pp","3.1.3.27"
"R_PGPP181","3.1.3.27"
"R_PGPP181pp","3.1.3.27"
"R_PGSA120","2.7.8.5"
"R_PGSA140","2.7.8.5"
"R_PGSA141","2.7.8.5"
"R_PGSA160","2.7.8.5"
"R_PGSA161","2.7.8.5"
"R_PGSA180","2.7.8.5"
"R_PGSA181","2.7.8.5"
"R_PHETA1","2.6.1.58"
"R_PHETRS","6.1.1.20"
"R_PLIPA1A120pp","3.1.1.32"
"R_PLIPA1A140pp","3.1.1.32"
"R_PLIPA1A141pp","3.1.1.32"
"R_PLIPA1A160pp","3.1.1.32"
"R_PLIPA1A161pp","3.1.1.32"
"R_PLIPA1A180pp","3.1.1.32"
"R_PLIPA1A181pp","3.1.1.32"
"R_PLIPA1E120pp","3.1.1.32"
"R_PLIPA1E140pp","3.1.1.32"
"R_PLIPA1E141pp","3.1.1.32"
"R_PLIPA1E160pp","3.1.1.32"
"R_PLIPA1E161pp","3.1.1.32"
"R_PLIPA1E180pp","3.1.1.32"
"R_PLIPA1E181pp","3.1.1.32"
"R_PLIPA1G120pp","3.1.1.32"
"R_PLIPA1G140pp","3.1.1.32"
"R_PLIPA1G141pp","3.1.1.32"
"R_PLIPA1G160pp","3.1.1.32"
"R_PLIPA1G161pp","3.1.1.32"
"R_PLIPA1G180pp","3.1.1.32"
"R_PLIPA1G181pp","3.1.1.32"
"R_PLIPA2A120pp","3.1.1.4"
"R_PLIPA2A140pp","3.1.1.4"
"R_PLIPA2A141pp","3.1.1.4"
"R_PLIPA2A160pp","3.1.1.4"
"R_PLIPA2A161pp","3.1.1.4"
"R_PLIPA2A180pp","3.1.1.4"
"R_PLIPA2A181pp","3.1.1.4"
"R_PLIPA2E120pp","3.1.1.4"
"R_PLIPA2E140pp","3.1.1.4"
"R_PLIPA2E141pp","3.1.1.4"
"R_PLIPA2E160pp","3.1.1.4"
"R_PLIPA2E161pp","3.1.1.4"
"R_PLIPA2E180pp","3.1.1.4"
"R_PLIPA2E181pp","3.1.1.4"
"R_PLIPA2G120pp","3.1.1.4"
"R_PLIPA2G140pp","3.1.1.4"
"R_PLIPA2G141pp","3.1.1.4"
"R_PLIPA2G160pp","3.1.1.4"
"R_PLIPA2G161pp","3.1.1.4"
"R_PLIPA2G180pp","3.1.1.4"
"R_PLIPA2G181pp","3.1.1.4"
"R_PMANM","5.4.2.8"
"R_PMPK","2.7.4.7"
"R_PNTK","2.7.1.33"
"R_POR5","1.2.7.1"
"R_POX","1.2.2.2"
"R_PPA","3.6.1.1"
"R_PPA2","3.6.1.1"
"R_PPAKr","2.7.2.1"
"R_PPBNGS","4.2.1.24"
"R_PPC","4.1.1.31"
"R_PPCDC","4.1.1.36"
"R_PPCK","4.1.1.49"
"R_PPGPPDP","3.1.7.2"
"R_PPK2r","2.7.4.1"
"R_PPKr","2.7.4.1"
"R_PPM","5.4.2.7"
"R_PPM2","5.4.2.7"
"R_PPNCL2","6.3.2.5"
"R_PPND","1.3.1.12"
"R_PPNDH","4.2.1.51"
"R_PPPGO","1.3.3.4"
"R_PPPGO3","1.3.3.4"
"R_PPS","2.7.9.2"
"R_PRAGSr","6.3.4.13"
"R_PRAIS","6.3.3.1"
"R_PRAIi","5.3.1.24"
"R_PRAMPC","3.5.4.19"
"R_PRASCSi","6.3.2.6"
"R_PRATPP","3.6.1.31"
"R_PRFGS","6.3.5.3"
"R_PRMICI","5.3.1.16"
"R_PROD2","1.5.99.8"
"R_PROTRS","6.1.1.15"
"R_PRPPS","2.7.6.1"
"R_PSCVT","2.5.1.19"
"R_PSD120","4.1.1.65"
"R_PSD140","4.1.1.65"
"R_PSD141","4.1.1.65"
"R_PSD160","4.1.1.65"
"R_PSD161","4.1.1.65"
"R_PSD180","4.1.1.65"
"R_PSD181","4.1.1.65"
"R_PSERT","2.6.1.52"
"R_PSP_L","3.1.3.3"
"R_PSSA120","2.7.8.8"
"R_PSSA140","2.7.8.8"
"R_PSSA141","2.7.8.8"
"R_PSSA160","2.7.8.8"
"R_PSSA161","2.7.8.8"
"R_PSSA180","2.7.8.8"
"R_PSSA181","2.7.8.8"
"R_PTAr","2.3.1.8"
"R_PTPATi","2.7.7.3"
"R_PTRCTA","2.6.1.29"
"R_PUNP1","2.4.2.1"
"R_PUNP2","2.4.2.1"
"R_PUNP3","2.4.2.1"
"R_PUNP4","2.4.2.1"
"R_PUNP5","2.4.2.1"
"R_PUNP6","2.4.2.1"
"R_PUNP7","2.4.2.1"
"R_PYAM5PO","1.4.3.5"
"R_PYDAMK","2.7.1.35"
"R_PYDXK","2.7.1.35"
"R_PYDXNK","2.7.1.35"
"R_PYK","2.7.1.40"
"R_PYNP2r","2.4.2.2"
"R_RBFK","2.7.1.26"
"R_RBFSa","2.5.1.9"
"R_RBFSb","2.5.1.9"
"R_RBK","2.7.1.15"
"R_RBK_L1","2.7.1.16"
"R_RBP4E","5.1.3.4"
"R_RMI","5.3.1.14"
"R_RMK","2.7.1.5"
"R_RMPA","4.1.2.19"
"R_RNDR1","1.17.4.1"
"R_RNDR2","1.17.4.1"
"R_RNDR3","1.17.4.1"
"R_RNDR4","1.17.4.1"
"R_RPE","5.1.3.1"
"R_RPI","5.3.1.6"
"R_SADH","2.6.1.69"
"R_SARCOX","1.5.3.1"
"R_SBTPD","1.1.1.140"
"R_SDPDS","3.5.1.18"
"R_SDPTA","2.6.1.17"
"R_SELCYSS","2.9.1.1"
"R_SELNPS","2.7.9.3"
"R_SERAT","2.3.1.30"
"R_SERD_L","4.3.1.17"
"R_SERTRS","6.1.1.11"
"R_SERTRS2","6.1.1.11"
"R_SFGTHi","3.1.2.12"
"R_SHK3Dr","1.1.1.25"
"R_SHKK","2.7.1.71"
"R_SHSL1","4.2.99.9"
"R_SPMDAT1","2.3.1.57"
"R_SPMDAT2","2.3.1.57"
"R_SPMS","2.5.1.16"
"R_SPODM","1.15.1.1"
"R_SPODMpp","1.15.1.1"
"R_SSALx","1.2.1.24"
"R_SSALy","1.2.1.16"
"R_SUCBZL","6.2.1.26"
"R_SUCDi","1.3.99.1"
"R_SUCOAS","6.2.1.5"
"R_SULRi","1.8.2.2"
"R_TAGURr","1.1.1.58"
"R_TALA","2.2.1.2"
"R_TARTD","4.2.1.32"
"R_TAUDO","1.14.11.17"
"R_TDECOAI","5.3.3.8"
"R_TDP","3.6.1.15"
"R_TDPAGTA","2.6.1.33"
"R_TDPDRE","5.1.3.13"
"R_TDPDRR","1.1.1.133"
"R_TDPGDH","4.2.1.46"
"R_TDSK","2.7.1.130"
"R_TGBPA","4.1.2.40"
"R_THD2pp","1.6.1.1"
"R_THDPS","2.3.1.117"
"R_THFAT","2.1.2.10"
"R_THRA2i","4.1.2.5"
"R_THRAi","4.1.2.5"
"R_THRD","1.1.1.103"
"R_THRD_L","4.3.1.19"
"R_THRS","4.2.3.1"
"R_THRTRS","6.1.1.3"
"R_TKT1","2.2.1.1"
"R_TKT2","2.2.1.1"
"R_TMDK1","2.7.1.21"
"R_TMDPP","2.4.2.4"
"R_TMDS","2.1.1.45"
"R_TMK","2.7.1.89"
"R_TMPK","2.7.4.16"
"R_TMPPP","2.5.1.3"
"R_TPI","5.3.1.1"
"R_TRDR","1.8.1.9"
"R_TRE6PH","3.2.1.93"
"R_TRE6PP","3.1.3.12"
"R_TRE6PS","2.4.1.15"
"R_TREH","3.2.1.28"
"R_TREHpp","3.2.1.28"
"R_TRPAS2","4.1.99.1"
"R_TRPS1","4.2.1.20"
"R_TRPS2","4.2.1.20"
"R_TRPS3","4.2.1.20"
"R_TRPTRS","6.1.1.2"
"R_TRSARr","1.1.1.60"
"R_TYROXDApp","1.4.3.6"
"R_TYRTA","2.6.1.5"
"R_TYRTRS","6.1.1.1"
"R_UAAGDS","6.3.2.13"
"R_UACGALPpp","3.6.1.45"
"R_UACGAMPpp","3.6.1.45"
"R_UAG2E","5.1.3.14"
"R_UAGAAT","2.3.1.129"
"R_UAGCVT","2.5.1.7"
"R_UAGDP","2.7.7.23"
"R_UAMAGS","6.3.2.9"
"R_UAMAS","6.3.2.8"
"R_UAPGR","1.1.1.158"
"R_UDCPDP","3.6.1.27"
"R_UDCPDPpp","3.6.1.27"
"R_UDPG4E","5.1.3.2"
"R_UDPGALM","5.4.99.9"
"R_UDPGALPpp","3.6.1.45"
"R_UDPGD","1.1.1.22"
"R_UDPGPpp","3.6.1.45"
"R_UGLCURPpp","3.6.1.45"
"R_UGLT","2.7.7.12"
"R_UGLYCH","3.5.3.19"
"R_UGMDDS","6.3.2.15"
"R_UMPK","2.7.4.14"
"R_UPP3MT","2.1.1.107"
"R_UPP3S","4.2.1.75"
"R_UPPDC1","4.1.1.37"
"R_UPPRT","2.4.2.9"
"R_URDGLYCD","1.1.1.154"
"R_URIC","1.7.3.3"
"R_URIH","3.2.2.8"
"R_URIK2","2.7.1.48"
"R_VALTA","2.6.1.42"
"R_VALTRS","6.1.1.9"
"R_VPAMT","2.6.1.66"
"R_VPAMTr","2.6.1.66"
"R_XAND","1.1.1.204"
"R_XPPT","2.4.2.22"
"R_XTSNH","3.2.2.8"
"R_XYLI1","5.3.1.5"
"R_XYLI2","5.3.1.5"
"R_XYLK","2.7.1.17"
"R_XYLK2","2.7.1.53"
