MODEL ID,Name,Biocyc ID,BiGG ID,KEGG ID,,,,,,
10-FORMYL-THF,10-formyl-thf,10-FORMYL-THF,10fthf,C00234,,,,,,
1-2-CIS-DI-OH-BENZOATE,"cis-1,2-dihydroxybenzoate",1-2-CIS-DI-OH-BENZOATE,,,,,,,,
1-AMINO-PROPAN-2-ONE-3-PHOSPHATE,1-amino-propan-2-one-3-phosphate,1-AMINO-PROPAN-2-ONE-3-PHOSPHATE,,,,,,,,
1-KETO-2-METHYLVALERATE,"2,3-dihydroxy-3-methylvalerate",1-KETO-2-METHYLVALERATE,23dhmp,C06007,,,,,,
"2,3-DIHYDRODIPICOLINATE","2,3-dihydrodipicolinate","2,3-dihydrodipicolinate",23dhdp,C03340,,,,,,
2-3-DIHYDROXYBENZOATE,"2,3-dihydroxybenzoate",2-3-DIHYDROXYBENZOATE,23dhb,C00196,,,,,,
2-ACETO-2-HYDROXY-BUTYRATE,2-aceto-2-hydroxy-butyrate,2-ACETO-2-HYDROXY-BUTYRATE,2ahbut,C06006,,,,,,
2-ACETO-LACTATE,2-aceto-lactate,2-ACETO-LACTATE,alac-S,C06010,,,,,,
2C-METH-D-ERYTHRITOL-CYCLODIPHOSPHATE,"2-c-methyl-d-erythritol-2,4-cyclodiphosphate",2C-METH-D-ERYTHRITOL-CYCLODIPHOSPHATE,2mecdp,C11453,,,,,,
2-C-METHYL-D-ERYTHRITOL-4-PHOSPHATE,2-c-methyl-d-erythritol-4-phosphate,2-C-METHYL-D-ERYTHRITOL-4-PHOSPHATE,2me4p,C11434,,,,,,
2-DEHYDROPANTOATE,2-dehydropantoate,2-DEHYDROPANTOATE,2dhp,C00966,,,,,,
2-D-THREO-HYDROXY-3-CARBOXY-ISOCAPROATE,2-d-threo-hydroxy-3-carboxy-isocaproate,2-D-THREO-HYDROXY-3-CARBOXY-ISOCAPROATE,3c2hmp,C04411,,,,,,
2K-4CH3-PENTANOATE,2-keto-4-methyl-pentanoate,2K-4CH3-PENTANOATE,4mop,C00233,,,,,,
2-KETO-3-DEOXY-6-P-GLUCONATE,2-keto-3-deoxy-6-phospho-gluconate,2-KETO-3-DEOXY-6-P-GLUCONATE,2ddg6p,C04442,,,,,,
2-KETO-3-METHYL-VALERATE,2-keto-3-methyl-valerate,2-KETO-3-METHYL-VALERATE,3mop,C00671,,,,,,
2-KETOGLUTARATE,2-oxoglutarate,2-KETOGLUTARATE,akg,C00026,,,,,,
2-KETO-ISOVALERATE,2-keto-isovalerate,2-KETO-ISOVALERATE,3mob,C00141,,,,,,
2-OCTAPRENYL-6-HYDROXYPHENOL,2-octaprenyl-6-hydroxyphenol,2-OCTAPRENYL-6-HYDROXYPHENOL,2ohph,C05811,,,,,,
2-OCTAPRENYL-6-METHOXYPHENOL,2-octaprenyl-6-methoxyphenol,2-OCTAPRENYL-6-METHOXYPHENOL,2omph,C05812,,,,,,
2-OCTAPRENYLPHENOL,2-octaprenylphenol,2-OCTAPRENYLPHENOL,2oph,C05810,,,,,,
2-OXOBUTANOATE,2-oxobutanoate,2-OXOBUTANOATE,2obut,C00109,,,,,,
2-PG,2-phosphoglycerate,2-PG,2pg,C00631,,,,,,
"3,4-DIHYDROXYBENZOATE",protocatechuate,"3,4-DIHYDROXYBENZOATE",,C00230,,,,,,
3-CARBOXY-3-HYDROXY-ISOCAPROATE,3-carboxy-3-hydroxy-isocaproate,3-CARBOXY-3-HYDROXY-ISOCAPROATE,3c3hmp,C02504,,,,,,
3-DEHYDRO-SHIKIMATE,3-dehydro-shikimate,3-DEHYDRO-SHIKIMATE,3dhsk,C02637,,,,,,
3-DEOXY-D-ARABINO-HEPTULOSONATE-7-P,3-deoxy-d-arabino-heptulosonate-7-phosphate,3-DEOXY-D-ARABINO-HEPTULOSONATE-7-P,2dda7p,C04691,,,,,,
3-ENOLPYRUVYL-SHIKIMATE-5P,5-enolpyruvyl-shikimate-3-phosphate,3-ENOLPYRUVYL-SHIKIMATE-5P,3psme,C01269,,,,,,
3-HYDROXYADIPYL-COA,3-hydroxyadipyl-coa,3-HYDROXYADIPYL-COA,,C14145,,,,,,
3-HYDROXY-ISOBUTYRATE,3-hydroxy-isobutyrate,3-HYDROXY-ISOBUTYRATE,,,,,,,,
3-HYDROXYPIMELOYL-COA,3-hydroxypimeloyl-coa,3-HYDROXYPIMELOYL-COA,,C06714,,,,,,
3-KETO-ADIPATE,3-ketoadipate,3-KETO-ADIPATE,,C00846,,,,,,
3-KETO-ADIPYL-COA,3-ketoadipyl-coa,3-KETO-ADIPYL-COA,,C02232,,,,,,
3-KETOBUTYRATE,acetoacetate,3-KETOBUTYRATE,acac,C00164,,,,,,
3-OCTAPRENYL-4-HYDROXYBENZOATE,3-octaprenyl-4-hydroxybenzoate,3-OCTAPRENYL-4-HYDROXYBENZOATE,3ophb,C05809,,,,,,
3OH-4P-OH-ALPHA-KETOBUTYRATE,3-hydroxy-4-phospho-hydroxy-alpha-ketobutyrate,3OH-4P-OH-ALPHA-KETOBUTYRATE,ohpb,C06054,,,,,,
3-OHACYL-ACP_LPS,3-hydroxyacyl-acp,,,,,,,,,
3-OHLAUROYL-ACP,3-hydroxydodecanoyl-acp,,3hddecACP,C05757,,,,,,
3-OHMYRISTOYL-ACP,3-hydroxytetradecanoyl-acp,3-OHMYRISTOYL-ACP,3hmrsACP,C04688,,,,,,
3-OXOADIPATE-ENOL-LACTONE,3-oxoadipate-enol-lactone,3-OXOADIPATE-ENOL-LACTONE,5odhf2a,C03586,,,,,,
3-OXOPIMELOYL-COA,3-oxotetradecanoyl-coa,3-OXOPIMELOYL-COA,,C05261,,,,,,
3-P-HYDROXYPYRUVATE,3-phospho-hydroxypyruvate,3-P-HYDROXYPYRUVATE,3php,C03232,,,,,,
3-P-SERINE,3-phospho-serine,3-P-SERINE,pser-L,C01005,,,,,,
4-AMINO-4-DEOXYCHORISMATE,4-amino-4-deoxychorismate,4-AMINO-4-DEOXYCHORISMATE,4adcho,C11355,,,,,,
4-AMINO-BUTYRATE,4-aminobutyrate,4-AMINO-BUTYRATE,4abut,C00334,,,,,,
4-FUMARYL-ACETOACETATE,4-fumaryl-acetoacetate,4-FUMARYL-ACETOACETATE,,C01061,,,,,,
4-HYDROXYBENZALDEHYDE,4-hydroxybenzaldehyde,4-HYDROXYBENZALDEHYDE,,C00633,,,,,,
4-HYDROXYBENZOATE,p-hydroxybenzoate,4-hydroxybenzoate,4hbz,C00156,,,,,,
4-HYDROXY-BENZYL-ALCOHOL,4-hydroxybenzyl alcohol,4-HYDROXY-BENZYL-ALCOHOL,,,,,,,,
4-HYDROXY-ETCETERA-HYDROXYPROPIONYL-COA,4-hydroxy-3-methoxyphenyl-beta-hydroxypropionyl-coa,4-HYDROXY-ETCETERA-HYDROXYPROPIONYL-COA,,C07303,,,,,,
4-PHOSPHOPANTOTHENOYLCYSTEINE,4'-phospho-n-pantothenoylcysteine,4-PHOSPHOPANTOTHENOYLCYSTEINE,4ppcys,C04352,,,,,,
4-P-PANTOTHENATE,4'-phosphopantothenate,4-P-PANTOTHENATE,4ppan,C03492,,,,,,
"5,10-METHENYL-THF","5,10-methenyl-thf","5,10-methenyl-thf",methf,C00445,,,,,,
5-AMINO-LEVULINATE,5-amino-levulinate,5-AMINO-LEVULINATE,5aop,C00430,,,,,,
5-KETO-4-DEOXY-D-GLUCARATE,5-keto-4-deoxy-d-glucarate,5-KETO-4-DEOXY-D-GLUCARATE,5dh4dglc,C00679,,,,,,
5-METHYL-THF,5-methyl-thf,5-METHYL-THF,5mthf,C00440,,,,,,
5-PHOSPHORIBOSYL-5-AMINOIMIDAZOLE,5'-phosphoribosyl-5-aminoimidazole,5-PHOSPHORIBOSYL-5-AMINOIMIDAZOLE,air,C03373,,,,,,
5-PHOSPHO-RIBOSYL-GLYCINEAMIDE,5-phospho-ribosyl-glycineamide,5-PHOSPHO-RIBOSYL-GLYCINEAMIDE,gar,C03838,,,,,,
5-PHOSPHORIBOSYL-N-FORMYLGLYCINEAMIDINE,5-phosphoribosyl-n-formylglycineamidine,5-PHOSPHORIBOSYL-N-FORMYLGLYCINEAMIDINE,fpram,C04640,,,,,,
5-P-RIBOSYL-N-FORMYLGLYCINEAMIDE,5'-phosphoribosyl-n-formylglycineamide,5-P-RIBOSYL-N-FORMYLGLYCINEAMIDE,fgam,C04376,,,,,,
6-CARBOXYHEX-2-ENOYL-COA,6-carboxyhex-2-enoyl-coa,6-CARBOXYHEX-2-ENOYL-COA,,C06723,,,,,,
6-CARBOXYHEXANOYL-COA,6-carboxyhexanoyl-coa,6-CARBOXYHEXANOYL-COA,pmcoa,C01063,,,,,,
6-P-GLUCONATE,6-phospho-gluconate,6-P-GLUCONATE,6pgc,C00345,,,,,,
"7,8-DIHYDROPTEROATE","7,8-dihydropteroate","7,8-dihydropteroate",dhpt,C00921,,,,,,
8-AMINO-7-OXONONANOATE,8-amino-7-oxononanoate,8-AMINO-7-OXONONANOATE,8aonn,C01092,,,,,,
ACET,acetate,ACET,ac,C00033,,,,,,
ACETALD,acetaldehyde,ACETALD,acald,C00084,,,,,,
ACETOACETYL-COA,acetoacetyl-coa,ACETOACETYL-COA,aacoa,C00332,,,,,,
ACETOACETYL-S-ACP,acetoacetyl-acp,ACETOACETYL-S-ACP,actACP,C05744,,,,,,
ACETOIN,acetoin,ACETOIN,actn-R,C00466,,,,,,
ACETONE,acetone,ACETONE,acetone,C00207,,,,,,
ACETYL-ACP,acetyl-acp,ACETYL-ACP,acACP,,,,,,,
ACETYL-COA,acetyl-coa,ACETYL-COA,accoa,C00024,,,,,,
ACETYL-GLU,n-acetyl-l-glutamate,ACETYL-GLU,acglu,C00624,,,,,,
ACETYL-P,acetylphosphate,ACETYL-P,actp,C00227,,,,,,
ACETYLSERINE,o-acetyl-l-serine,ACETYLSERINE,acser,C00979,,,,,,
ACP,acyl carrier protein,ACP,ACP,C00229,,,,,,
ACYL-ACP_LPS,generic acyl-acp for lipopolysaccharides,ACYL-ACP,,,,,,,,
ACYL-ACP_PL,generic acyl-acp for phospholipids,ACYL-ACP,,,,,,,,
ACYL-ACP_TAG,generic acyl-acp for triacylglycerols,ACYL-ACP,,,,,,,,
ACYL-COA_TAG,generic acyl-coa for triacylglycerols,ACYL-COA,,,,,,,,
ACYL-COA_WAX,generic acyl-coa for wax esters,ACYL-COA,,,,,,,,
ACYL-OH_WAX,generic acyl alcohol for wax esters,,,,,,,,,
ACYL-SN-GLYCEROL-3P_PL,generic acyl-glycerol-3-phosphate for phospholipids,ACYL-SN-GLYCEROL-3P,,C00681,,,,,,
ACYL-SN-GLYCEROL-3P_TAG,generic acyl-glycerol-3-phosphate for triacylglycerols,ACYL-SN-GLYCEROL-3P,,C00681,,,,,,
ADENINE,adenine,ADENINE,ade,C00147,,,,,,
ADENOSINE,adenosine,ADENOSINE,adn,C00212,,,,,,
ADENOSYL-HOMO-CYS,s-adenosyl-homocysteine,ADENOSYL-HOMO-CYS,ahcys,C00021,,,,,,
ADENOSYL-P4,"p(1),p(4)-bis(5'-adenosyl)tetraphosphate",ADENOSYL-P4,ap4a,C01260,,,,,,
ADENYLOSUCC,adenylo-succinate,ADENYLOSUCC,dcamp,C03794,,,,,,
ADIPATE,adipate,ADIPATE,,C06104,,,,,,
ADP,adp,ADP,adp,C00008,,,,,,
AFATTYACID_FREE_W,generic fatty acid chain for free molecules (mass),AFATTYACID,,,,,,,,
AFATTYACID_TAG,generic fatty acid chain of triacylglycerol,AFATTYACID,,,,,,,,
AFATTYACID_WAX,generic fatty acid chain coming from wax ester degradation,,,,,,,,,
AICAR,aicar,AICAR,aicar,C04677,,,,,,
ALA-TRNAS,alanine trna,ALA-TRNAS,trnaala,C01635,,,,,,
ALLANTOATE,allantoate,ALLANTOATE,alltt,C00499,,,,,,
AMINO-DIOXY-PHOSPHORIBITYLAMINO-PYR,"5-amino-2,6-dioxy-4-(5'-phosphoribitylamino)pyrimidine",AMINO-DIOXY-PHOSPHORIBITYLAMINO-PYR,5aprbu,C04454,,,,,,
AMINO-HYDROXYMETHYL-METHYLPYRIMIDINE-PP,4-amino-5-hydroxymethyl-2-methylpyrimidine-pyrophosphate,AMINO-HYDROXYMETHYL-METHYLPYRIMIDINE-PP,2mahmp,C04752,,,,,,
AMINO-HYDROXYMETHYL-METHYL-PYR-P,4-amino-5-hydroxymethyl-2-methylpyrimidine-phosphate,AMINO-HYDROXYMETHYL-METHYL-PYR-P,4ampm,C04556,,,,,,
AMINO-OH-HYDROXYMETHYL-DIHYDROPTERIDINE,"2-amino-4-hydroxy-6-hydroxymethyl-7,8-dihydropteridine",AMINO-OH-HYDROXYMETHYL-DIHYDROPTERIDINE,2ahhmp,C01300,,,,,,
AMINO-RIBOSYLAMINO-1H-3H-PYR-DIONE,"5-amino-6-ribitylamino-2,4(1h,3h)-pyrimidinedione",AMINO-RIBOSYLAMINO-1H-3H-PYR-DIONE,4r5au,C04732,,,,,,
AMINO-RIBOSYLAMINO-1H-3H-PYR-DIONE-P,"5-amino-6-(ribosylamino)-2,4-(1h,3h)-pyrimidinedione 5'-phosphate",AMINO-RIBOSYLAMINO-1H-3H-PYR-DIONE-P,5apru,C01268,,,,,,
AMMONIUM,nh4+,AMMONIUM,nh4,C01342,,,,,,
AMP,amp,AMP,amp,C00020,,,,,,
ANTHRANILATE,2-aminobenzoate,ANTHRANILATE,anth,C00108,,,,,,
APS,aps,APS,aps,C00224,,,,,,
ARABINOSE-5P,d-arabinose 5-phosphate,ARABINOSE-5P,ara5p,C01112,,,,,,
ARG,l-arginine,ARG,arg-L,C00062,,,,,,
ARG-TRNAS,arginine trna,ARG-TRNAS,trnaarg,C01636,,,,,,
ASN,l-asparagine,ASN,asn-L,C00152,,,,,,
ASN-TRNAS,asparagine trna,ASN-TRNAS,trnaasn,C01637,,,,,,
ASPARTYL-TRNAASN,l-aspartyl-trna(asn),ASPARTYL-TRNAASN,,C06113,,,,,,
ASP-TRNAS,aspartate trna,ASP-TRNAS,trnaasp,C01638,,,,,,
ATP,atp,ATP,atp,C00002,,,,,,
B-ALANINE,beta-alanine,B-ALANINE,ala-B,C00099,,,,,,
BENZALDEHYDE,benzaldehyde,BENZALDEHYDE,,C00261,,,,,,
BENZOATE,benzoate,BENZOATE,bz,C00180,,,,,,
BENZYL-ALCOHOL,benzyl alcohol,BENZYL-ALCOHOL,,C00556,,,,,,
BETAINE,betaine,BETAINE,glyb,C00719,,,,,,
BETAINE_ALDEHYDE,betaine aldehyde,BETAINE_ALDEHYDE,betald,C00576,,,,,,
BIOTIN,biotin,BIOTIN,btn,C00120,,,,,,
BISOHMYR-GLC,lipid a disaccharide,BISOHMYR-GLC,lipidAds,C04932,,,,,,
BISOHMYR-GLUCOSAMINYL-1P,"2,3-bis(3-hydroxymyristoyl)-beta-d-glucosaminyl 1-phosphate",BISOHMYR-GLUCOSAMINYL-1P,lipidX,C04824,,,,,,
BUTANEDIOL,"2,3-butanediol",BUTANEDIOL,,C03044,,,,,,
BUTYRIC_ACID,butanoate,BUTYRIC_ACID,but,C00246,,,,,,
BUTYRYL-COA,butanoyl-coa,BUTYRYL-COA,btcoa,C00136,,,,,,
C1,"udp-n-acetylmuramoyl-l-alanyl-d-glutamyl-meso-2,6-diaminoheptanedioate- d-alanyl-d-alanine",C1,ugmda,C04882,,,,,,
C10:0,decanoate,CPD-3617,dca,C01571,,,,,,
C10:0-2ENOYLACP,trans-dec-2-enoyl-acp,TRANS-D2-DECENOYL-ACP,tdec2eACP,C05754,,,,,,
C10:0-2ENOYLCOA,trans-dec-2-enoyl-coa,,dc2coa,C05275,,,,,,
C10:0-3HYDROXYACP,3-hydroxydecanoyl-acp,BETA-HYDROXYDECANOYL-ACP,3hdecACP,C04619,,,,,,
C10:0-3HYDROXYCOA,3-hydroxydecanoyl-coa,,3hdcoa,C05264,,,,,,
C10:0-3OXOACP,3-oxodecanoyl-acp,,3odecACP,C05753,,,,,,
C10:0-3OXOCOA,3-oxodecanoyl-coa,,3odcoa,C05265,,,,,,
C10:0-ACP,decanoyl-acp,,dcaACP,C05755,,,,,,
C10:0-CARBOXY2ENOYLCOA,trans-9-carboxynon-2-enoyl-coa,,,,,,,,,
C10:0-CARBOXY3HYDROXYCOA,9-carboxy-3-hydroxynonanoyl-coa,,,,,,,,,
C10:0-CARBOXY3OXOCOA,9-carboxy-3-oxononanoyl-coa,,,,,,,,,
C10:0-CARBOXYCOA,9-carboxynonanoyl-coa,,,,,,,,,
C10:0-COA,decanoyl-coa,,dcacoa,C05274,,,,,,
C12:0,dodecanoate,DODECANOATE,ddca,C02679,,,,,,
C12:0-2ENOYLACP,trans-dodec-2-enoyl-acp,,tddec2eACP,C05758,,,,,,
C12:0-2ENOYLCOA,trans-dodec-2-enoyl-coa,,dd2coa,C03221,,,,,,
C12:0-3HYDROXYCOA,3-hydroxydodecanoyl-coa,,3hddcoa,C05262,,,,,,
C12:0-3OXOACP,3-oxododecanoyl-acp,,3oddecACP,C05756,,,,,,
C12:0-3OXOCOA,3-oxododecanoyl-coa,,3oddcoa,C05263,,,,,,
C12:0-ACP,dodecanoyl-acp,LAUROYL-ACP,ddcaACP,C05223,,,,,,
C12:0-COA,dodecanoyl-coa,LAUROYLCOA-CPD,ddcacoa,C01832,,,,,,
C12:1(C3)-ACP,cis-dodec-3-enoyl-acp,,,,,,,,,
C12:1(C3)-COA,cis-dodec-3-enoyl-coa,,,C02944,,,,,,
C14:0,tetradecanoate,,ttdca,C06424,,,,,,
C14:0-2ENOYLACP,trans-tetradec-2-enoyl-coa,,td2coa,C05273,,,,,,
C14:0-2ENOYLCOA,trans-tetradec-2-enoyl-acp,,tmrs2eACP,C05760,,,,,,
C14:0-3HYDROXYCOA,3-hydroxytetradecanoyl-coa,,3htdcoa,C05260,,,,,,
C14:0-3OXOACP,3-oxotetradecanoyl-acp,,3omrsACP,C05759,,,,,,
C14:0-3OXOCOA,3-oxotetradecanoyl-coa,,3otdcoa,C05261,,,,,,
C14:0-ACP,tetradecanoyl-acp,MYRISTOYL-ACP,myrsACP,C05761,,,,,,
C14:0-COA,tetradecanoyl-coa,TETRADECANOYL-COA,tdcoa,C02593,,,,,,
C14:1(C5),cis-tetradec-4-enoate,,,,,,,,,
C14:1(C5)-2ENOYLACP,"trans,cis-tetradec-2,4-enoyl-acp",,,,,,,,,
C14:1(C5)-2ENOYLCOA,"trans,cis-tetradec-2,4-enoyl-coa",,,,,,,,,
C14:1(C5)-3HYDROXYACP,cis-3-hydroxytetradec-4-enoyl-acp,,,,,,,,,
C14:1(C5)-3HYDROXYCOA,cis-3-hydroxytetradec-4-enoyl-coa,,,,,,,,,
C14:1(C5)-3OXOACP,cis-3-oxotetradec-4-enoyl-acp,,,,,,,,,
C14:1(C5)-3OXOCOA,cis-3-oxotetradec-4-enoyl-coa,,,,,,,,,
C14:1(C5)-ACP,cis-tetradec-4-enoyl-acp,,,,,,,,,
C14:1(C5)-COA,cis-tetradec-4-enoyl-coa,,,,,,,,,
C16:0,hexadecanoate,PALMITATE,hdca,C00249,,,,,,
C16:0-2ENOYLACP,trans-hexadec-2-enoyl-acp,,tpalm2eACP,C05763,,,,,,
C16:0-2ENOYLCOA,trans-hexadec-2-enoyl-coa,,hdd2coa,C05272,,,,,,
C16:0-3HYDROXYACP,3-hydroxyhexadecanoyl-acp,,3hpalmACP,C04633,,,,,,
C16:0-3HYDROXYCOA,3-hydroxyhexadecanoyl-coa,,3hhdcoa,C05258,,,,,,
C16:0-3OXOACP,3-oxohexadecanoyl-acp,,3opalmACP,C05762,,,,,,
C16:0-3OXOCOA,3-oxohexadecanoyl-coa,3-OXOPALMITOYL-COA,3ohdcoa,C05259,,,,,,
C16:0-ACP,hexadecanoyl-acp,,palmACP,C05764,,,,,,
C16:0-ALDEHYDE ,hexadecanal,PALMITALDEHYDE,hxdcal,C00517,,,,,,
C16:0-COA,hexadecanoyl-coa,PALMITYL-COA,pmtcoa,C00154,,,,,,
C16:0-OH,hexadecanol,CPD-348,,C00823,,,,,,
C16:1(C7),cis-hexadec-7-enoate,,,,,,,,,
C16:1(C7)-2ENOYLACP,"trans,cis-hexadec-2,7-enoyl-acp",,,,,,,,,
C16:1(C7)-2ENOYLCOA,"trans,cis-hexadec-2,7-enoyl-coa",,,,,,,,,
C16:1(C7)-3HYDROXYACP,cis-3-hydroxyhexadec-7-enoyl-acp,,,,,,,,,
C16:1(C7)-3HYDROXYCOA,cis-3-hydroxyhexadec-7-enoyl-coa,,,,,,,,,
C16:1(C7)-3OXOACP,cis-3-oxohexadec-7-enoyl-acp,,,,,,,,,
C16:1(C7)-3OXOCOA,cis-3-oxohexadec-7-enoyl-coa,,,,,,,,,
C16:1(C7)-ACP,cis-hexadec-7-enoyl-acp,,,,,,,,,
C16:1(C7)-ALDEHYDE,cis-hexadec-7-enal,,,,,,,,,
C16:1(C7)-COA,cis-hexadec-7-enoyl-coa,,,,,,,,,
C16:1(C7)-OH,cis-hexadec-7-enol,,,,,,,,,
C18:0,octadenoate,STEARIC_ACID,ocdca,C01530,,,,,,
C18:0-2ENOYLACP,trans-octadec-2-enoyl-acp,,toctd2eACP,,,,,,,
C18:0-2ENOYLCOA,trans-octadec-2-enoyl-coa,,od2coa,,,,,,,
C18:0-3HYDROXYACP,3-hydroxyoctadecanoyl-acp,,3hoctaACP,,,,,,,
C18:0-3HYDROXYCOA,3-hydroxyoctadecanoyl-coa,,3hodcoa,,,,,,,
C18:0-3OXOACP,3-oxooctadecanoyl-acp,,3ooctdACP,,,,,,,
C18:0-3OXOCOA,3-oxooctadecanoyl-coa,,3oodcoa,,,,,,,
C18:0-ACP,octadenoyl-acp,STEAROYL-ACYL-CARRIER-PROTEIN,ocdcaACP,,,,,,,
C18:0-COA,octadenoyl-coa,STEAROYL-COA,stcoa,C00412,,,,,,
C18:1(C9),cis-octadec-9-enoate,OLEATE-CPD,,C00712,,,,,,
C18:1(C9)-2ENOYLACP,"trans,cis-octadec-2,9-enoyl-acp",,,,,,,,,
C18:1(C9)-2ENOYLCOA,"trans,cis-octadec-2,9-enoyl-coa",,,,,,,,,
C18:1(C9)-3HYDROXYACP,cis-3-hydroxyoctadec-9-enoyl-acp,,,,,,,,,
C18:1(C9)-3HYDROXYCOA,cis-3-hydroxyoctadec-9-enoyl-coa,,,,,,,,,
C18:1(C9)-3OXOACP,cis-3-oxooctadec-9-enoyl-acp,,,,,,,,,
C18:1(C9)-3OXOCOA,cis-3-oxooctadec-9-enoyl-coa,,,,,,,,,
C18:1(C9)-ACP,cis-octadec-9-enoyl-acp,OLEOYL-ACYL-CARRIER-PROTEIN,,,,,,,,
C18:1(C9)-ALDEHYDE,cis-octadec-9-enal,,,,,,,,,
C18:1(C9)-COA,cis-octadec-9-enoyl-coa,OLEOYL-COA,,,,,,,,
C18:1(C9)-OH,cis-octadec-9-enol,,,,,,,,,
C4:0-2ENOYLACP,trans-but-2-enoyl-acp,,but2eACP,C04246,,,,,,
C4:0-3HYDROXYACP,3-hydroxybutanoyl-acp,,3haACP,C04618,,,,,,
C4:0-ACP,butanoyl-acp,BUTYRYL-ACP,butACP,C05745,,,,,,
C5,"n-acetylmuramoyl-l-alanyl-d-glutamyl-meso-2,6-diaminoheptane- d-alanyl-d-alanine-diphosphoundecaprenol",C5,uagmda,C05897,,,,,,
C5:0,pentanoate,VALERATE,,C00803,,,,,,
C5:0-2ENOYLCOA,trans-pent-2-enoyl-coa,,,,,,,,,
C5:0-3HYDROXYCOA,3-hydroxypentanoyl-coa,,,,,,,,,
C5:0-3OXOCOA,3-oxopentanoyl-coa,,,,,,,,,
C5:0-CARBOXY3HYDROXYCOA,4-carboxy-3-hydroxybutanoyl-coa,,,,,,,,,
C5:0-CARBOXY3OXOCOA,4-carboxy-3-oxobutanoyl-coa,,,,,,,,,
C5:0-COA,pentanoyl-coa,,,C00888,,,,,,
C6,undecaprenyl-pyrophosphoryl-murnac-(pentapeptide)-n-acetylglucosamine,C6,uaagmda,C05898,,,,,,
C6:0,hexanoate,HEXANOATE,hxa,C01585,,,,,,
C6:0-2ENOYLACP,trans-hex-2-enoyl-acp,,thex2eACP,C05748,,,,,,
C6:0-2ENOYLCOA,trans-hex-2-enoyl-coa,,hx2coa,C05271,,,,,,
C6:0-3HYDROXYACP,3-hydroxyhexanoyl-acp,,3hhexACP,C05747,,,,,,
C6:0-3HYDROXYCOA,3-hydroxyhexanoyl-coa,OH-HEXANOYL-COA,3hhcoa,C05268,,,,,,
C6:0-3OXOACP,3-oxoxyhexanoyl-acp,,3ohexACP,C05746,,,,,,
C6:0-3OXOCOA,3-oxoxyhexanoyl-coa,,3ohcoa,C05269,,,,,,
C6:0-ACP,hexanoyl-acp,,hexACP,C05749,,,,,,
C6:0-CARBOXYCOA,5-carboxypentanoyl-coa,,,C14143,,,,,,
C6:0-COA,hexanoyl-coa,HEXANOYL-COA,hxcoa,C05270,,,,,,
C6:1(C4)-2ENOYLCOA,"trans,trans-hex-2,4-enoyl-coa",,,,,,,,,
C6:1(C4)-3HYDROXYCOA,trans-3-hydroxyhex-4-enoyl-coa,,,,,,,,,
C6:1(C4)-3OXOCOA,trans-3-oxohex-4-enoyl-coa,,,,,,,,,
"C6:2(C2,C4)",sorbate,CPD-3624,,,,,,,,
C8:0,octanoate,CPD-195,octa,C06423,,,,,,
C8:0-2ENOYLACP,trans-octa-2-enoyl-acp,,toct2eACP,C05751,,,,,,
C8:0-2ENOYLCOA,trans-octa-2-enoyl-coa,,oc2coa,C05276,,,,,,
C8:0-3HYDROXYACP,3-hydroxyoctanoyl-acp,,3hoctACP,C04620,,,,,,
C8:0-3HYDROXYCOA,3-hydroxyoctanoyl-coa,,3hocoa,C05266,,,,,,
C8:0-3OXOACP,3-oxooctanoyl-acp,,3ooctACP,C05750,,,,,,
C8:0-3OXOCOA,3-oxooctanoyl-coa,,3oocoa,C05267,,,,,,
C8:0-ACP,octanoyl-acp,OCTANOYL-ACP,ocACP,C05752,,,,,,
C8:0-CARBOXY2ENOYLCOA,trans-7-carboxyhept-2-enoyl-coa,,,,,,,,,
C8:0-CARBOXY3HYDROXYCOA,7-carboxy-3-hydroxyheptanoyl-coa,,,,,,,,,
C8:0-CARBOXY3OXOCOA,7-carboxy-3-oxoheptanoyl-coa,,,,,,,,,
C8:0-CARBOXYCOA,7-carboxyheptanoyl-coa,,,,,,,,,
C8:0-COA,octanoyl-coa,CPD-196,occoa,C01944,,,,,,
CAFFEATE,caffeate,CAFFEATE,,C01481,,,,,,
CAFFEOYL-COA,caffeoyl-coa,CAFFEOYL-COA,,C00323,,,,,,
CARBAMOYL-P,carbamoyl-phosphate,CARBAMOYL-P,cbp,C00169,,,,,,
CARBAMYUL-L-ASPARTATE,carbamoyl-l-aspartate,CARBAMYUL-L-ASPARTATE,cbasp,C00438,,,,,,
CARBON-DIOXIDE,co2,CARBON-DIOXIDE,co2,C00011,,,,,,
CARBOXYPHENYLAMINO-DEOXYRIBULOSE-P,1-(o-carboxyphenylamino)-1'-deoxyribulose-5'-phosphate,CARBOXYPHENYLAMINO-DEOXYRIBULOSE-P,2cpr5p,C01302,,,,,,
CARDIOLIPIN,cardiolipin,CARDIOLIPIN,clpn140,C05980,,,,,,
CARNITINE,l-carnitine,CARNITINE,crn,C00318,,,,,,
CATECHOL,catechol,CATECHOL,,C15571,,,,,,
CDP,cdp,CDP,cdp,C00112,,,,,,
CDPDIACYLGLYCEROL,generic cdp-diacylglycerol,CDPDIACYLGLYCEROL,cdpdag_EC,C00269,,,,,,
CH33ADO,ch3ado,CH33ADO,dad-5,C05198,,,,,,
CH3-MALONATE-S-ALD,methylmalonate-semialdehyde,CH3-MALONATE-S-ALD,2mop,C00349,,,,,,
CHARGED-ALA-TRNAS,charged alanine trna,CHARGED-ALA-TRNAS,alatrna,C00886,,,,,,
CHARGED-ARG-TRNAS,charged arginine trna,CHARGED-ARG-TRNAS,argtrna,C02163,,,,,,
CHARGED-ASN-TRNAS,charged asparagine trna,CHARGED-ASN-TRNAS,asntrna,C03402,,,,,,
CHARGED-ASP-TRNAS,charged aspartate trna,CHARGED-ASP-TRNAS,asptrna,C02984,,,,,,
CHARGED-CYS-TRNAS,charged cysteine trna,CHARGED-CYS-TRNAS,cystrna,C03125,,,,,,
CHARGED-GLN-TRNAS,charged glutamine trna,CHARGED-GLN-TRNAS,glntrna,C02282,,,,,,
CHARGED-GLT-TRNAS,charged glutamate trna,CHARGED-GLT-TRNAS,glutrna,C02987,,,,,,
CHARGED-GLY-TRNAS,charged glycine trna,CHARGED-GLY-TRNAS,glytrna,C02412,,,,,,
CHARGED-HIS-TRNAS,charged histidine trna,CHARGED-HIS-TRNAS,histrna,C02988,,,,,,
CHARGED-ILE-TRNAS,charged isoleucine trna,CHARGED-ILE-TRNAS,iletrna,C03127,,,,,,
CHARGED-LEU-TRNAS,charged leucine trna,CHARGED-LEU-TRNAS,leutrna,C02047,,,,,,
CHARGED-LYS-TRNAS,charged lysine trna,CHARGED-LYS-TRNAS,lystrna,C01931,,,,,,
CHARGED-MET-TRNAS,charged methionine trna,CHARGED-MET-TRNAS,mettrna,C02430,,,,,,
CHARGED-PHE-TRNAS,charged phenylalanine trna,CHARGED-PHE-TRNAS,phetrna,C03511,,,,,,
CHARGED-PRO-TRNAS,charged proline trna,CHARGED-PRO-TRNAS,protrna,C02702,,,,,,
CHARGED-SER-TRNAS,charged serine trna,CHARGED-SER-TRNAS,sertrna,C02553,,,,,,
CHARGED-THR-TRNAS,charged threonine trna,CHARGED-THR-TRNAS,thrtrna,C02992,,,,,,
CHARGED-TRP-TRNAS,charged tryptophan trna,CHARGED-TRP-TRNAS,trptrna,C03512,,,,,,
CHARGED-TYR-TRNAS,charged tyrosine trna,CHARGED-TYR-TRNAS,tyrtrna,C02839,,,,,,
CHARGED-VAL-TRNAS,charged valine trna,CHARGED-VAL-TRNAS,valtrna,C02554,,,,,,
CHLOROGENATE,chlorogenate,CHLOROGENATE,,C00852,,,,,,
CHOLINE,choline,CHOLINE,chol,C00114,,,,,,
CHORISMATE,chorismate,CHORISMATE,chor,C00251,,,,,,
CIS-ACONITATE,cis-aconitate,CIS-ACONITATE,acon-C,C00417,,,,,,
CIS-CIS-MUCONATE,"cis,cis-muconate",CIS-CIS-MUCONATE,,C02480,,,,,,
CIT,citrate,CIT,cit,C00158,,,,,,
CMP,cmp,CMP,cmp,C00055,,,,,,
CMP-KDO,cmp-3-deoxy-d-manno-octulosonate,CMP-KDO,ckdo,C04121,,,,,,
CO-A,coenzyme a,CO-A,coa,C00010,,,,,,
COFACTOR_W,generic cofactor molecule (mass) ,,,,,,,,,
CONIFERYL-ALDEHYDE,coniferyl aldehyde,CONIFERYL-ALDEHYDE,,C02666,,,,,,
COPROPORPHYRINOGEN_III,coproporphyrinogen iii,COPROPORPHYRINOGEN_III,cpppg3,C03263,,,,,,
COUMARATE,4-coumarate,COUMARATE,,C00811,,,,,,
COUMARYL-COA,coumaroyl-coa,COUMARYL-COA,coucoa,C00223,,,,,,
CPD0-181,n5-carboxyaminoimidazole ribonucleotide,CPD0-181,5caiz,,,,,,,
CPD-104,pqqh2,CPD-104,,C01359,,,,,,
CPD-1091,(s)-ureidoglycolate,CPD-1091,urdglyc,C00603,,,,,,
CPD-110,salicylate,CPD-110,,C00805,,,,,,
CPD-1136,2-methyl-cis-aconitate,CPD-1136,2mcacn,C04225,,,,,,
CPD-1301,tetrahydropteroyltri-l-glutamate,CPD-1301,hpglu,C04144,,,,,,
CPD-1302,5-methyltetrahydropteroyltri-l-glutamate,CPD-1302,mhpglu,C04489,,,,,,
CPD-148,octane,CPD-148,,C01387,,,,,,
CPD-173,salicyl alcohol,CPD-173,,,,,,,,
CPD-1772,aminoacetaldehyde,CPD-1772,aacald,C06735,,,,,,
CPD-1828,gdp-mannuronate,CPD-1828,,C00976,,,,,,
CPD-188,undecaprenol,CPD-188,udcp,C01968,,,,,,
CPD-205,pimelate,CPD-205,pime,C02656,,,,,,
CPD-218,d-methionine,CPD-218,met-D,C00855,,,,,,
CPD-244,2-nitropropane,CPD-244,,C02116,,,,,,
CPD-245,"3-carboxy-cis,cis-muconate",CPD-245,,C01163,,,,,,
CPD-302,d-aspartate,CPD-302,asp-D,C00402,,,,,,
CPD-313,"1,3-diaminopropane",CPD-313,13dampp,C00986,,,,,,
CPD-335,(r)-3-hydroxybutanoate,CPD-335,bhb,C01089,,,,,,
CPD-3571,tricarballylate,CPD-3571,,,,,,,,
CPD-3623,sebacate,CPD-3623,,C08277,,,,,,
CPD-371,1-octanal,CPD-371,,C01545,,,,,,
CPD-377,2-dehydro-d-gluconate,CPD-377,2dhglcn,C00629,,,,,,
CPD-421,n2-succinyl-l-arginine,CPD-421,sucarg,C03296,,,,,,
CPD-470,"l-2,4-diaminobutanoate",CPD-470,,C03283,,,,,,
CPD-561,s-d-ribosyl-l-homocysteine,CPD-561,rhcys,C03539,,,,,,
CPD-578,urea-1-carboxylate,CPD-578,,C01010,,,,,,
CPD-592,4-guanidinobutanoate,CPD-592,4gudbutn,C01035,,,,,,
CPD-618,methylisocitrate,CPD-618,micit,C04593,,,,,,
CPD-622,2-methylcitrate,CPD-622,2mcit,C02225,,,,,,
CPD-650,3-hydroxybutyryl-coa,CPD-650,3hbcoa,C01144,,,,,,
CPD-6501,benzylacetate,CPD-6501,,C15513,,,,,,
CPD-654,"2,5-dioxopentanoate",CPD-654,,C00433,,,,,,
CPD-659,l-arogenate,CPD-659,,C00826,,,,,,
CPD-667,o-acetyl-l-homoserine,CPD-667,achms,C01077,,,,,,
CPD-67,2-phosphoglycolate,CPD-67,2pglyc,C00988,,,,,,
CPD-741,"2,5-dihydro-5-oxofuran-2-acetate",CPD-741,,C04105,,,,,,
CPD-761,"2-carboxy-2,5-dihydro-5-oxofuran-2-acetate",CPD-761,2c25dho,C01278,,,,,,
CPD-77,4-diphosphocytidyl-2-c-methylerythritol,CPD-77,,,,,,,,
CPD-78,4-diphosphocytidyl-2-c-methylerythritol 2-phosphate,CPD-78,,,,,,,,
CPDIM-6096,"3,4-dihydroxyphenyl-beta-hydroxypropionyl-coa",CPDIM-6096,,,,,,,,
CPDIM-6097,protocatechualdehyde,CPDIM-6097,34dhpac,C04043,,,,,,
CPDIM-6098,4-hydroxyphenyl-beta-hydroxypropionyl-coa,CPDIM-6098,,,,,,,,
CPDIM-6112,ethylsalicylate,CPDIM-6112,,,,,,,,
CPDIM-6114,salicylacetate,CPDIM-6114,,,,,,,,
CPDIM-6115,4-hydroxybenzylacetate,CPDIM-6115,,,,,,,,
CPDIM-6116,"3,4-dihydroxyphenylpropionate",CPDIM-6116,,,,,,,,
CPDIM-6118,"3,4-dihydroxyphenylpropionyl-coa",CPDIM-6118,,,,,,,,
CROTONYL-COA,crotonyl-coa,CROTONYL-COA,b2coa,C00877,,,,,,
CTP,ctp,CTP,ctp,C00063,,,,,,
CYS,l-cysteine,CYS,cys-L,C00097,,,,,,
CYS-TRNAS,cysteine trna,CYS-TRNAS,trnacys,C01639,,,,,,
CYTIDINE,cytidine,CYTIDINE,cytd,C00475,,,,,,
CYTOSINE,cytosine,CYTOSINE,csn,C00380,,,,,,
D-4-HYDROXY-2-KETO-GLUTARATE,d-4-hydroxy-2-keto-glutarate,D-4-HYDROXY-2-KETO-GLUTARATE,,,,,,,,
DADP,dadp,DADP,dadp,C00206,,,,,,
D-ALA-D-ALA,d-alanyl-d-alanine,D-ALA-D-ALA,alaala,C00993,,,,,,
D-ALANINE,d-alanine,D-ALANINE,ala-D,C00133,,,,,,
DAMP,damp,DAMP,damp,C00360,,,,,,
DATP,datp,DATP,datp,C00131,,,,,,
DCDP,dcdp,DCDP,dcdp,C00705,,,,,,
DCMP,dcmp,DCMP,dcmp,C00239,,,,,,
DCTP,dctp,DCTP,dctp,C00458,,,,,,
D-CYSTEINE,d-cysteine,D-CYSTEINE,cys-D,C00793,,,,,,
DEAMIDO-NAD,deamido-nad,DEAMIDO-NAD,dnad,C00857,,,,,,
DEHYDROQUINATE,3-dehydroquinate,DEHYDROQUINATE,3dhq,C00944,,,,,,
DELTA(3)-ISOPENTENYL-PP,delta3-isopentenyl-pp,delta(3)-isopentenyl-pp,ipdp,C00129,,,,,,
DELTA{1}-PIPERIDEINE-2-6-DICARBOXYLATE,tetrahydrodipicolinate,DELTA{1}-PIPERIDEINE-2-6-DICARBOXYLATE,thdp,C03972,,,,,,
DEMETHYLMENAQUINONE,demethylmenaquinone,DEMETHYLMENAQUINONE,2dmmq8,C05818,,,,,,
DEOXYADENOSINE,deoxyadenosine,DEOXYADENOSINE,dad-2,C00559,,,,,,
DEOXYCYTIDINE,deoxycytidine,DEOXYCYTIDINE,dcyt,C00881,,,,,,
DEOXYGUANOSINE,deoxyguanosine,DEOXYGUANOSINE,dgsn,C00330,,,,,,
DEOXYINOSINE,deoxyinosine,DEOXYINOSINE,din,C05512,,,,,,
DEOXYURIDINE,deoxyuridine,DEOXYURIDINE,duri,C00526,,,,,,
DEOXYXYLULOSE-5P,1-deoxy-d-xylulose 5-phosphate,DEOXYXYLULOSE-5P,dxyl5p,C11437,,,,,,
DEPHOSPHO-COA,dephospho-coa,DEPHOSPHO-COA,dpcoa,C00882,,,,,,
D-ERYTHRO-IMIDAZOLE-GLYCEROL-P,d-erythro-imidazole-glycerol-phosphate,D-ERYTHRO-IMIDAZOLE-GLYCEROL-P,eig3p,C04666,,,,,,
DETHIOBIOTIN,dethiobiotin,DETHIOBIOTIN,dtbt,C01909,,,,,,
D-GALACTARATE,d-galactarate,D-GALACTARATE,galct-D,C00879,,,,,,
DGDP,dgdp,DGDP,dgdp,C00361,,,,,,
D-GLT,d-glutamate,D-GLT,glu-D,C00217,,,,,,
D-GLUCARATE,d-glucarate,D-GLUCARATE,glcr,C00818,,,,,,
D-GLUCOSAMINE-6-P,d-glucosamine-6-phosphate,D-GLUCOSAMINE-6-P,gam6p,C00352,,,,,,
DGMP,dgmp,DGMP,dgmp,C00362,,,,,,
DGTP,dgtp,DGTP,dgtp,C00286,,,,,,
DIACETYL,diacetyl,DIACETYL,,C00741,,,,,,
DIACYLGLYCEROL,"1,2-diacylglycerol",DIACYLGLYCEROL,,C00641,,,,,,
DIAMINONONANOATE,"7,8-diaminononanoate",DIAMINONONANOATE,dann,C01037,,,,,,
DIAMINO-OH-PHOSPHORIBOSYLAMINO-PYR,"2,5-diamino-6-(ribosylamino)-4-(3h)-pyrimidinone 5'-phosphate",DIAMINO-OH-PHOSPHORIBOSYLAMINO-PYR,25drapp,,,,,,,
DI-CH3-ALLYL-PPI,dimethylallyl-pyrophosphate,DI-CH3-ALLYL-PPI,dmpp,,,,,,,
DI-H-OROTATE,dihydroorotate,DI-H-OROTATE,dhor-S,C00337,,,,,,
DIHYDRO-DIOH-BENZOATE,"2,3-dihydro-2,3-dihydroxybenzoate",DIHYDRO-DIOH-BENZOATE,23ddhb,C04171,,,,,,
DIHYDROFOLATE,"7,8-dihydrofolate",DIHYDROFOLATE,dhf,C00415,,,,,,
DIHYDRO-NEO-PTERIN,dihydro-neo-pterin,DIHYDRO-NEO-PTERIN,dhnpt,C04874,,,,,,
DIHYDRONEOPTERIN-P,dihydroneopterin phosphate,DIHYDRONEOPTERIN-P,dhpmp,C05925,,,,,,
DIHYDRONEOPTERIN-P3,dihydroneopterin triphosphate,DIHYDRONEOPTERIN-P3,ahdt,C04895,,,,,,
DIHYDROPTERIN-CH2OH-PP,"2-amino-4-hydroxy-6-hydroxymethyl-7,8-dihydropteridine diphosphate",DIHYDROPTERIN-CH2OH-PP,2ahhmd,C04807,,,,,,
DIHYDROSIROHYDROCHLORIN,dihydrosirohydrochlorin,DIHYDROSIROHYDROCHLORIN,dscl,C02463,,,,,,
DIHYDROXY-ACETONE-PHOSPHATE,dihydroxy-acetone-phosphate,DIHYDROXY-ACETONE-PHOSPHATE,dhap,C00111,,,,,,
DIHYDROXY-BUTANONE-P,"3,4-dihydroxy-2-butanone-4-p",DIHYDROXY-BUTANONE-P,db4p,,,,,,,
DIMETHYL-D-RIBITYL-LUMAZINE,"6,7-dimethyl-8-(1-d-ribityl)lumazine",DIMETHYL-D-RIBITYL-LUMAZINE,dmlz,C04332,,,,,,
DIOH-ISOVALERATE,"2,3-dihydroxy-isovalerate",DIOH-ISOVALERATE,23dhmb,C04272,,,,,,
D-LACTATE,d-lactate,D-LACTATE,lac-D,C00256,,,,,,
DNA_W,generic dna (mass),,,,,,,,,
DPG,3-phospho-d-glyceroyl-phosphate,DPG,13dpg,C00236,,,,,,
D-SEDOHEPTULOSE-7-P,sedoheptulose-7-phosphate,D-SEDOHEPTULOSE-7-P,s7p,C00281,,,,,,
D-SERINE,d-serine,D-SERINE,ser-D,C00740,,,,,,
DTDP-DEOH-DEOXY-GLUCOSE,dtdp-4-dehydro-6-deoxy-d-glucose,DTDP-DEOH-DEOXY-GLUCOSE,dtdp4d6dg,C00687,,,,,,
DTDP-DEOH-DEOXY-MANNOSE,dtdp-4-dehydro-6-deoxy-l-mannose,DTDP-DEOH-DEOXY-MANNOSE,dtdp4d6dm,C00688,,,,,,
DTDP-D-GLUCOSE,dtdp-d-glucose,DTDP-D-GLUCOSE,dtdpglu,C00842,,,,,,
DTDP-RHAMNOSE,dtdp-rhamnose,DTDP-RHAMNOSE,dtdprmn,C03319,,,,,,
DUDP,dudp,DUDP,dudp,C01346,,,,,,
DUMP,dump,DUMP,dump,C00365,,,,,,
DUTP,dutp,DUTP,dutp,C00460,,,,,,
ERYTHRONATE-4P,erythronate-4-phosphate,ERYTHRONATE-4P,4per,C03393,,,,,,
ERYTHROSE-4P,erythrose-4-phosphate,ERYTHROSE-4P,e4p,C00279,,,,,,
ETHANESULFONATE,ethane sulfonate,,,,,,,,,
ETHANOL-AMINE,ethanol-amine,ETHANOL-AMINE,etha,C00189,,,,,,
ETOH,ethanol,ETOH,etoh,C00469,,,,,,
FAD,fad,FAD,fad,C00016,,,,,,
FADH2,fadh2,FADH2,fadh2,C01352,,,,,,
FARNESYL-PP,"trans, trans-farnesyl diphosphate",FARNESYL-PP,frdp,C00448,,,,,,
FE+2,fe+2,FE+2,fe2,C00023,,,,,,
FERULOATE,ferulate,FERULOATE,,C01494,,,,,,
FMN,fmn,FMN,fmn,C00061,,,,,,
FMNH2,fmnh2,FMNH2,fmnh2,C01847,,,,,,
FORMALDEHYDE,formaldehyde,FORMALDEHYDE,fald,C00067,,,,,,
FORMATE,formate,FORMATE,for,C00058,,,,,,
FRU,fructose,FRU,fru,C00095,,,,,,
FRU1P,fructose-1-phosphate,FRU1P,f1p,C02976,,,,,,
FRUCTOSE-16-DIPHOSPHATE,"fructose-1,6-bisphosphate",FRUCTOSE-16-DIPHOSPHATE,fdp,C00354,,,,,,
FRUCTOSE-6P,fructose-6-phosphate,FRUCTOSE-6P,f6p,C00085,,,,,,
FUM,fumarate,FUM,fum,C00122,,,,,,
G3P,3-phosphoglycerate,G3P,3pg,C00197,,,,,,
GAP,glyceraldehyde-3-phosphate,GAP,g3p,C00661,,,,,,
GDP,gdp,GDP,gdp,C00035,,,,,,
GDP-MANNOSE,gdp-mannose,GDP-MANNOSE,gdpmann,C00096,,,,,,
GERANYL-PP,geranyl-pp,GERANYL-PP,grdp,C00341,,,,,,
GLC,beta-d-glucose,GLC,glc-D,C00031,,,,,,
GLC-1-P,glucose-1-phosphate,GLC-1-P,g1p,C00103,,,,,,
GLC-6-P,glucose-6-phosphate,GLC-6-P,g6p-B,C01172,,,,,,
GLC-D-LACTONE,glucono-delta-lactone,GLC-D-LACTONE,,,,,,,,
GLN,l-glutamine,GLN,gln-L,C00064,,,,,,
GLN-TRNAS,glutamine trna,GLN-TRNAS,trnagln,C01640,,,,,,
GLT,l-glutamate,GLT,glu-L,C00025,,,,,,
GLT-TRNAS,glutamate trna,GLT-TRNAS,trnaglu,C01641,,,,,,
GLUCONATE,gluconate,GLUCONATE,glcn,C00257,,,,,,
GLUCOSAMINE-1P,glucosamine-1p,GLUCOSAMINE-1P,gam1p,C06156,,,,,,
GLUTACONYL-COA,glutaconyl-coa,GLUTACONYL-COA,,,,,,,,
GLUTAMATE-1-SEMIALDEHYDE,glutamate-1-semialdehyde,GLUTAMATE-1-SEMIALDEHYDE,glu1sa,C03741,,,,,,
GLUTAMYL-TRNA-GLN,glutamyl-trna(gln),GLUTAMYL-TRNA-GLN,glutrna(gln),,,,,,,
GLUTARATE,glutarate,GLUTARATE,,C00489,,,,,,
GLUTARYL-COA,glutaryl-coa,GLUTARYL-COA,glutcoa,C00527,,,,,,
GLUTATHIONE,reduced glutathione,GLUTATHIONE,gthrd,C00051,,,,,,
GLY,glycine,GLY,gly,C00037,,,,,,
GLYCERALD,glyceraldehyde,GLYCERALD,glyald,C00577,,,,,,
GLYCERATE,glycerate,GLYCERATE,glyc-R,C00258,,,,,,
GLYCEROL,glycerol,GLYCEROL,glyc,C00116,,,,,,
GLYCEROL-3P,glycerol-3-phosphate,GLYCEROL-3P,glyc3p,C00093,,,,,,
GLYCOLALDEHYDE,glycolaldehyde,GLYCOLALDEHYDE,gcald,C00266,,,,,,
GLYCOLLATE,glycolate,GLYCOLLATE,glyclt,C00160,,,,,,
GLYOX,glyoxylate,GLYOX,glx,C00048,,,,,,
GLY-TRNAS,glycine trna,GLY-TRNAS,trnagly,C01642,,,,,,
GMP,gmp,GMP,gmp,C00144,,,,,,
GTP,gtp,GTP,gtp,C00044,,,,,,
GUANINE,guanine,GUANINE,gua,C00242,,,,,,
GUANOSINE,guanosine,GUANOSINE,gsn,C00387,,,,,,
HCO3,hco3-,HCO3,hco3,C00288,,,,,,
HEME_O,heme o,HEME_O,hemeO,C15672,,,,,,
HIS,l-histidine,HIS,his-L,C00135,,,,,,
HISTIDINAL,histidinal,HISTIDINAL,,,,,,,,
HISTIDINOL,histidinol,HISTIDINOL,histd,C00860,,,,,,
HIS-TRNAS,histidine trna,HIS-TRNAS,trnahis,C01643,,,,,,
HOMO-CYS,homocysteine,HOMO-CYS,hcys-L,C00155,,,,,,
HOMO-SER,homoserine,HOMO-SER,hom-L,C00263,,,,,,
HOMOSERINE-LACTONE,homoserine lactone,HOMOSERINE-LACTONE,,,,,,,,
HS,h2s,HS,h2s,C00283,,,,,,
HYDROGEN-PEROXIDE,h2o2,HYDROGEN-PEROXIDE,h2o2,C00027,,,,,,
HYDROXYMETHYLBILANE,hydroxymethylbilane,HYDROXYMETHYLBILANE,hmbil,C01024,,,,,,
HYDROXY-METHYL-BUTENYL-DIP,1-hydroxy-2-methyl-2-(e)-butenyl 4-diphosphate,HYDROXY-METHYL-BUTENYL-DIP,h2mb4p,C11811,,,,,,
HYPOXANTHINE,hypoxanthine,HYPOXANTHINE,hxan,C00262,,,,,,
ILE,l-iso-leucine,ILE,ile-L,C00407,,,,,,
ILE-TRNAS,isoleucine trna,ILE-TRNAS,trnaile,C01644,,,,,,
IMIDAZOLE-ACETOL-P,imidazole acetol-phosphate,IMIDAZOLE-ACETOL-P,imacp,C01267,,,,,,
IMINOASPARTATE,iminoaspartate,IMINOASPARTATE,iasp,C05840,,,,,,
IMP,imp,IMP,imp,C00130,,,,,,
INDOLE-3-GLYCEROL-P,indole-3-glycerol-phosphate,INDOLE-3-GLYCEROL-P,3ig3p,C03506,,,,,,
INOSINE,inosine,INOSINE,ins,C00294,,,,,,
ISOCHORISMATE,isochorismate,ISOCHORISMATE,ichor,C00885,,,,,,
KDO,3-deoxy-d-manno-octulosonate,KDO,kdo,C01187,,,,,,
KDO2-LIPID-A,kdo2-lipid a,KDO2-LIPID-A,lipa,C06026,,,,,,
KDO2-LIPID-IVA,kdo2-lipid iva,KDO2-LIPID-IVA,kdo2lipid4,C06025,,,,,,
KDO-8P,3-deoxy-d-manno-octulosonate 8-p,KDO-8P,kdo8p,C04478,,,,,,
KDO-LIPID-IVA,(kdo)-lipid iv(a),KDO-LIPID-IVA,kdolipid4,C06024,,,,,,
L-1-PHOSPHATIDYL-ETHANOLAMINE,generic l-1-phosphatidyl-ethanolamine,L-1-PHOSPHATIDYL-ETHANOLAMINE,,C00350,,,,,,
L-1-PHOSPHATIDYL-GLYCEROL,generic l-1-phosphatidyl-glycerol,L-1-PHOSPHATIDYL-GLYCEROL,,C00344,,,,,,
L-1-PHOSPHATIDYL-GLYCEROL-P,generic l-1-phosphatidyl-glycerol-phosphate,L-1-PHOSPHATIDYL-GLYCEROL-P,,C03892,,,,,,
L-1-PHOSPHATIDYL-SERINE,generic l-1-phosphatidyl-serine,L-1-PHOSPHATIDYL-SERINE,,C02737,,,,,,
L-ALPHA-ALANINE,l-alanine,L-ALPHA-ALANINE,ala-L,C00041,,,,,,
L-ARGININO-SUCCINATE,l-arginino-succinate,L-ARGININO-SUCCINATE,argsuc,C03406,,,,,,
L-ASPARTATE,l-aspartate,L-ASPARTATE,asp-L,C00049,,,,,,
L-ASPARTATE-SEMIALDEHYDE,l-aspartate-semialdehyde,L-ASPARTATE-SEMIALDEHYDE,aspsa,C00441,,,,,,
L-BETA-ASPARTYL-P,l-aspartyl-4-p,L-BETA-ASPARTYL-P,4pasp,C03082,,,,,,
L-CITRULLINE,citrulline,L-CITRULLINE,citr-L,C00327,,,,,,
L-CYSTATHIONINE,cystathionine,L-CYSTATHIONINE,cyst-L,C00542,,,,,,
L-DELTA(1)-PYRROLINE_5-CARBOXYLATE,l-delta1-pyrroline-5-carboxylate,l-delta(1)-pyrroline_5-carboxylate,1pyr5c,C03912,,,,,,
LEU,l-leucine,LEU,leu-L,C00123,,,,,,
LEU-TRNAS,leucine-trna,LEU-TRNAS,trnaleu,C01645,,,,,,
L-GAMMA-GLUTAMYLCYSTEINE,l-gamma-glutamylcysteine,L-GAMMA-GLUTAMYLCYSTEINE,glucys,C00669,,,,,,
L-GLUTAMATE_GAMMA-SEMIALDEHYDE,l-glutamate gamma-semialdehyde,L-GLUTAMATE_GAMMA-SEMIALDEHYDE,glu5sa,C01165,,,,,,
L-GLUTAMATE-5-P,l-glutamate-5-phosphate,L-GLUTAMATE-5-P,glu5p,C03287,,,,,,
L-HISTIDINOL-P,l-histidinol-phosphate,L-HISTIDINOL-P,hisp,C01100,,,,,,
LIPID-IV-A,lipid iv(a),LIPID-IV-A,lipidA,C04919,,,,,,
LIPOYL-ACP,lipoyl-acp,LIPOYL-ACP,,,,,,,,
L-LACTATE,lactate,L-LACTATE,lac-L,C00186,,,,,,
LL-DIAMINOPIMELATE,ll-diaminopimelate,LL-DIAMINOPIMELATE,26dap-LL,C00666,,,,,,
L-ORNITHINE,l-ornithine,L-ORNITHINE,orn,C01602,,,,,,
L-PANTOATE,l-pantoate,L-PANTOATE,pant-R,C00522,,,,,,
L-PHOSPHATIDATE_PL,generic l-phosphatidate for phospholipids,L-PHOSPHATIDATE,,C00416,,,,,,
L-PHOSPHATIDATE_TAG,generic l-phosphatidate for triacylglycerols,L-PHOSPHATIDATE,,C00416,,,,,,
LPS_W,generic lipopolysaccharides (mass),,,,,,,,,
LYS,l-lysine,LYS,lys-L,C00047,,,,,,
LYS-TRNAS,lysine trna,LYS-TRNAS,trnalys,C01646,,,,,,
MAL,malate,MAL,mal-L,C00149,,,,,,
MALONATE,malonate,MALONATE,,C00383,,,,,,
MALONYL-ACP,malonyl-acp,MALONYL-ACP,malACP,C01209,,,,,,
MALONYL-COA,malonyl-coa,MALONYL-COA,malcoa,C00083,,,,,,
MANNOSE-1P,mannose-1-phosphate,MANNOSE-1P,man1p,C03812,,,,,,
MANNOSE-6P,mannose-6-phosphate,MANNOSE-6P,man6p,C00275,,,,,,
MESO-DIAMINOPIMELATE,meso-diaminopimelate,MESO-DIAMINOPIMELATE,26dap-M,C00680,,,,,,
MET,l-methionine,MET,met-L,C00073,,,,,,
METHYLENE-THF,"5,10-methylene-thf",METHYLENE-THF,mlthf,C00143,,,,,,
METHYL-GLYOXAL,methylglyoxal,METHYL-GLYOXAL,mthgxl,C00546,,,,,,
MET-TRNAS,methionine trna,MET-TRNAS,trnamet,C01647,,,,,,
N-(5-PHOSPHORIBOSYL)-ANTHRANILATE,n-(5'-phosphoribosyl)-anthranilate,N-(5-PHOSPHORIBOSYL)-ANTHRANILATE,pran,C04302,,,,,,
N2-SUCCINYLGLUTAMATE,n2-succinylglutamate,N2-SUCCINYLGLUTAMATE,sucglu,C05931,,,,,,
N2-SUCCINYLGLUTAMIC-SEMIALDEHYDE,n2-succinylglutamic-semialdehyde,N2-SUCCINYLGLUTAMIC-SEMIALDEHYDE,sucgsa,C05932,,,,,,
N2-SUCCINYLORNITHINE,n2-succinylornithine,N2-SUCCINYLORNITHINE,sucorn,C03415,,,,,,
NA+,na+,NA+,na1,C01330,,,,,,
N-ACETYL-D-GLUCOSAMINE-1-P,n-acetyl-glucosamine-1-phosphate,N-ACETYL-D-GLUCOSAMINE-1-P,acgam1p,C04256,,,,,,
N-ACETYLGLUTAMATE_SEMIALDEHYDE,n-acetylglutamate semialdehyde,N-ACETYLGLUTAMATE_SEMIALDEHYDE,acg5sa,C01250,,,,,,
N-ACETYL-GLUTAMYL-P,n-acetylglutamyl-phosphate,N-ACETYL-GLUTAMYL-P,acg5p,C04133,,,,,,
NAD,nad,NAD,nad,C00003,,,,,,
NADH,nadh,NADH,nadh,C00004,,,,,,
NADP,nadp,NADP,nadp,C00006,,,,,,
NADPH,nadph,NADPH,nadph,C00005,,,,,,
N-ALPHA-ACETYLORNITHINE,n-alpha-acetylornithine,N-ALPHA-ACETYLORNITHINE,acorn,C00437,,,,,,
NIACINAMIDE,niacinamide,NIACINAMIDE,ncam,C00153,,,,,,
NIACINE,niacine,NIACINE,nac,C00253,,,,,,
NICOTINAMIDE_NUCLEOTIDE,nicotinamide nucleotide,NICOTINAMIDE_NUCLEOTIDE,nmn,C00455,,,,,,
NICOTINATE_NUCLEOTIDE,nicotinate nucleotide,NICOTINATE_NUCLEOTIDE,nicrnt,C01185,,,,,,
NITRATE,no3-,NITRATE,no3,C00244,,,,,,
NITRITE,no2-,NITRITE,no2,C00088,,,,,,
N-SUCCINYL-2-AMINO-6-KETOPIMELATE,n-succinyl-2-amino-6-ketopimelate,N-SUCCINYL-2-AMINO-6-KETOPIMELATE,sl2a6o,C04462,,,,,,
"N-SUCCINYLLL-2,6-DIAMINOPIMELATE","n-succinyl-ll-2,6-diaminopimelate","n-succinylll-2,6-diaminopimelate",sl26da,C04421,,,,,,
OCTANOL,octanol,OCTANOL,,C00756,,,,,,
OCTAPRENYL-DIPHOSPHATE,octaprenyl diphosphate,OCTAPRENYL-DIPHOSPHATE,octdp,C04146,,,,,,
OCTAPRENYL-METHOXY-BENZOQUINONE,"2-octaprenyl-6-methoxy-1,4-benzoquinone",OCTAPRENYL-METHOXY-BENZOQUINONE,2ombz,C05813,,,,,,
OCTAPRENYL-METHYL-METHOXY-BENZQ,"2-octaprenyl-3-methyl-6-methoxy-1,4-benzoquinone",OCTAPRENYL-METHYL-METHOXY-BENZQ,2ommb,C05814,,,,,,
OCTAPRENYL-METHYL-OH-METHOXY-BENZQ,"2-octaprenyl-3-methyl-5-hydroxy-6-methoxy-1,4-benzoquinone",OCTAPRENYL-METHYL-OH-METHOXY-BENZQ,,C05815,,,,,,
OH-MYRISTOYL,"udp-2,3-bis(3-hydroxymyristoyl)glucosamine",OH-MYRISTOYL,u23ga,C04652,,,,,,
OH-PYR,hydroxypyruvate,OH-PYR,hpyr,C00168,,,,,,
O-PHOSPHO-L-HOMOSERINE,o-phospho-l-homoserine,O-PHOSPHO-L-HOMOSERINE,phom,C01102,,,,,,
OROTATE,orotate,OROTATE,orot,C00295,,,,,,
OROTIDINE-5-PHOSPHATE,orotidine-5'-phosphate,OROTIDINE-5-PHOSPHATE,orot5p,C01103,,,,,,
OXALACETIC_ACID,oxaloacetate,OXALACETIC_ACID,oaa,C00036,,,,,,
OXIDIZED-GLUTATHIONE,oxidized glutathione,OXIDIZED-GLUTATHIONE,gthox,C00127,,,,,,
OX-THIOREDOXIN-MONOMER,oxidized thioredoxin,OX-THIOREDOXIN-MONOMER,trdox,C00343,,,,,,
OXYGEN-MOLECULE,o2,OXYGEN-MOLECULE,o2,C00007,,,,,,
P3I,pppi,P3I,pppi,C03279,,,,,,
P-AMINO-BENZOATE,p-aminobenzoate,P-AMINO-BENZOATE,4abz,C00568,,,,,,
PANTETHEINE-P,pantetheine 4'-phosphate,PANTETHEINE-P,pan4p,C01134,,,,,,
PANTOTHENATE,pantothenate,PANTOTHENATE,pnto-R,C00864,,,,,,
PEPTIDO_W,generic peptidoglycan (mass),,,,,,,,,
PHE,l-phenylalanine,PHE,phe-L,C00079,,,,,,
PHENOL,phenol,PHENOL,,C15584,,,,,,
PHENYL-PYRUVATE,phenylpyruvate,PHENYL-PYRUVATE,phpyr,C00166,,,,,,
PHENYLSULFATE,phenyl sulfate,,,,,,,,,
PHE-TRNAS,phenylalanine trna,PHE-TRNAS,trnaphe,C01648,,,,,,
PHOSPHO-ENOL-PYRUVATE,phosphoenolpyruvate,PHOSPHO-ENOL-PYRUVATE,pep,C00074,,,,,,
PHOSPHO-HYDROXY-THREONINE,phospho-hydroxy-threonine,PHOSPHO-HYDROXY-THREONINE,phthr,C06055,,,,,,
PHOSPHORIBOSYL-AMP,phosphoribosyl-amp,PHOSPHORIBOSYL-AMP,prbamp,C02741,,,,,,
PHOSPHORIBOSYL-ATP,phosphoribosyl-atp,PHOSPHORIBOSYL-ATP,prbatp,C02739,,,,,,
PHOSPHORIBOSYL-CARBOXY-AMINOIMIDAZOLE,phosphoribosyl-carboxy-aminoimidazole,PHOSPHORIBOSYL-CARBOXY-AMINOIMIDAZOLE,5aizc,C04751,,,,,,
PHOSPHORIBOSYL-FORMAMIDO-CARBOXAMIDE,phosphoribosyl-formamido-carboxamide,PHOSPHORIBOSYL-FORMAMIDO-CARBOXAMIDE,fprica,C04734,,,,,,
PHOSPHORIBOSYL-FORMIMINO-AICAR-P,phosphoribosylformiminoaicar-phosphate,PHOSPHORIBOSYL-FORMIMINO-AICAR-P,prfp,C04896,,,,,,
PHOSPHORIBULOSYL-FORMIMINO-AICAR-P,phosphoribulosylformimino-aicar-p,PHOSPHORIBULOSYL-FORMIMINO-AICAR-P,prlp,C04916,,,,,,
P-HYDROXY-PHENYLPYRUVATE,p-hydroxyphenylpyruvate,P-HYDROXY-PHENYLPYRUVATE,34hpp,C01179,,,,,,
PI,phosphate,Pi,pi,C00009,,,,,,
PL_W,generic phospholipid (mass),,,,,,,,,
POLYSACCH_FREE_W,generic free polysaccharide (mass),,,,,,,,,
PORPHOBILINOGEN,porphobilinogen,PORPHOBILINOGEN,ppbng,C00931,,,,,,
PPI,pyrophosphate,PPI,ppi,C00013,,,,,,
PQQ,pqq,PQQ,,,,,,,,
PRA,5-phosphoribosylamine,PRA,pram,C03090,,,,,,
PREPHENATE,prephenate,PREPHENATE,pphn,C00254,,,,,,
P-RIBOSYL-4-SUCCCARB-AMINOIMIDAZOLE,5'-phosphoribosyl-4-(n-succinocarboxamide)-5-aminoimidazole,P-RIBOSYL-4-SUCCCARB-AMINOIMIDAZOLE,25aics,C04823,,,,,,
PRO,l-proline,PRO,pro-L,C00148,,,,,,
PROPANAMIDE,propane amide,CPDIM-6119,,,,,,,,
PROPANENITRILE,propane nitrile,CPDIM-6120,,,,,,,,
PROPIONALDOXIME,propane aldoxime,CPDIM-6123,,,,,,,,
PROPIONATE,propionate,PROPIONATE,ppa,C00163,,,,,,
PROPIONYL-COA,propionyl-coa,PROPIONYL-COA,ppcoa,C00100,,,,,,
PROPIONYL-P,propionyl-p,PROPIONYL-P,ppap,C02876,,,,,,
PROTEIN_W,generic protein (mass),,,,,,,,,
PROTOHEME,protoheme,PROTOHEME,pheme,C00032,,,,,,
PROTON,h+,PROTON,h,C00080,,,,,,
PROTOPORPHYRIN_IX,protoporphyrin ix,PROTOPORPHYRIN_IX,ppp9,C02191,,,,,,
PROTOPORPHYRINOGEN,protoporphyrinogen,PROTOPORPHYRINOGEN,pppg9,C01079,,,,,,
PRO-TRNAS,proline trna,PRO-TRNAS,trnapro,C01649,,,,,,
PRPP,prpp,PRPP,prpp,C00119,,,,,,
PSEUDOURIDINE-5-P,pseudouridine 5'-phosphate,PSEUDOURIDINE-5-P,,C01168,,,,,,
PURINE,purine,PURINE,,C15587,,,,,,
PUTRESCINE,putrescine,PUTRESCINE,ptrc,C00134,,,,,,
PYRIDOXAL_PHOSPHATE,pyridoxal 5'-phosphate,PYRIDOXAL_PHOSPHATE,pydx5p,C00018,,,,,,
PYRIDOXAMINE-5P,pyridoxamine 5'-phosphate,PYRIDOXAMINE-5P,pyam5p,C00647,,,,,,
PYRIDOXINE-5P,pyridoxine-5'-phosphate,PYRIDOXINE-5P,pdx5p,C00627,,,,,,
PYRUVATE,pyruvate,PYRUVATE,pyr,C00022,,,,,,
QUINATE,quinate,QUINATE,,,,,,,,
QUINOLINATE,quinolinate,QUINOLINATE,quln,C03722,,,,,,
RED-THIOREDOXIN-MONOMER,reduced thioredoxin,RED-THIOREDOXIN-MONOMER,trdrd,C00342,,,,,,
RIBOFLAVIN,riboflavin,RIBOFLAVIN,ribflv,C00255,,,,,,
RIBOSE,ribose,RIBOSE,rib-D,C00121,,,,,,
RIBOSE-5P,ribose-5-phosphate,RIBOSE-5P,r5p,C00117,,,,,,
RIBULOSE-5P,ribulose-5-phosphate,RIBULOSE-5P,ru5p-D,C00199,,,,,,
RNA_W,generic rna (mass),,,,,,,,,
S-ADENOSYL-4-METHYLTHIO-2-OXOBUTANOATE,s-adenosyl-4-methylthio-2-oxobutanoate,S-ADENOSYL-4-METHYLTHIO-2-OXOBUTANOATE,amob,C04425,,,,,,
S-ADENOSYLMETHIONINE,s-adenosyl-l-methionine,S-ADENOSYLMETHIONINE,amet,C00019,,,,,,
SALICYLALDEHYDE,salicylaldehyde,SALICYLALDEHYDE,,,,,,,,
SARCOSINE,sarcosine,SARCOSINE,sarcs,C00213,,,,,,
SER,l-serine,SER,ser-L,C00065,,,,,,
SER-TRNAS,serine trna,SER-TRNAS,trnaser,C01650,,,,,,
SHIKIMATE,shikimate,SHIKIMATE,skm,C00493,,,,,,
SHIKIMATE-5P,shikimate-3-phosphate,SHIKIMATE-5P,skm5p,C03175,,,,,,
SIROHEME,siroheme ,SIROHEME,sheme,C00748,,,,,,
SIROHYDROCHLORIN,sirohydrochlorin,SIROHYDROCHLORIN,scl,C05778,,,,,,
S-LACTOYL-GLUTATHIONE,s-lactoyl-glutathione,S-LACTOYL-GLUTATHIONE,lgt-S,C03451,,,,,,
SO3,so3-2,SO3,so3,C00094,,,,,,
SUBERATE,suberate,,,C08278,,,,,,
SUC,succinate,SUC,succ,C00042,,,,,,
SUC-COA,succinyl-coa,SUC-COA,succoa,C00091,,,,,,
SUCC-S-ALD,succinate semialdehyde,SUCC-S-ALD,sucsal,C00232,,,,,,
SULFATE,so42-,SULFATE,so4,C00059,,,,,,
SUPER-OXIDE,o2-,SUPER-OXIDE,o2s,C00704,,,,,,
TARTRONATE-S-ALD,tartronate semialdehyde,TARTRONATE-S-ALD,2h3oppan,C01146,,,,,,
TAURINE,taurine,TAURINE,taur,C00245,,,,,,
TDP,dtdp,TDP,dtdp,C00363,,,,,,
THF,thf,THF,thf,C00101,,,,,,
THIAMINE-P,thiamine-phosphate,THIAMINE-P,thmmp,C01081,,,,,,
THIAMINE-PYROPHOSPHATE,thiamine-pyrophosphate,THIAMINE-PYROPHOSPHATE,thmpp,C00068,,,,,,
THR,l-threonine,THR,thr-L,C00188,,,,,,
THREO-D(S)-ISO-CITRATE,isocitrate,threo-d(s)-iso-citrate,icit,C00311,,,,,,
THR-TRNAS,threonine trna,THR-TRNAS,trnathr,C01651,,,,,,
THYMIDINE,thymidine,THYMIDINE,thymd,C00214,,,,,,
THZ,4-methyl-5-(beta-hydroxyethyl)thiazole,THZ,4mhetz,C04294,,,,,,
THZ-P,4-methyl-5-(beta-hydroxyethyl)thiazole phosphate,THZ-P,4mpetz,C04327,,,,,,
TMP,dtmp,TMP,dtmp,C00364,,,,,,
TOLUENE,toluene,TOLUENE,,C01455,,,,,,
TRANS-23-DEHYDROADIPYL-COA,"trans-2,3-dehydroadipyl-coa",TRANS-23-DEHYDROADIPYL-COA,,C14144,,,,,,
TRANS-FERULOYL-COA,trans-feruloyl-coa,TRANS-FERULOYL-COA,,C00406,,,,,,
TREHALOSE,trehalose,TREHALOSE,tre,C01083,,,,,,
TREHALOSE-6P,"alpha,alpha-trehalose 6-phosphate",TREHALOSE-6P,tre6p,C00689,,,,,,
TRIACYLGLYCEROL,triacylglycerol,TRIACYLGLYCEROL,,C00422,,,,,,
TRIACYLGLYCEROL_W,triacylglycerol (mass),,,C00422,,,,,,
TRP,l-tryptophan,TRP,trp-L,C00078,,,,,,
TRP-TRNAS,tryptophan trna,TRP-TRNAS,trnatrp,C01652,,,,,,
TTP,ttp,TTP,dttp,C00459,,,,,,
TYR,l-tyrosine,TYR,tyr-L,C00082,,,,,,
TYR-TRNAS,tyrosine trna,TYR-TRNAS,trnatyr,C00787,,,,,,
UBIQUINOL-8,ubiquinol(40),UBIQUINOL-8,q8h2,C00390,,,,,,
UBIQUINONE-8,ubiquinone(40),UBIQUINONE-8,q10,C00399,,,,,,
UDP,udp,UDP,udp,C00015,,,,,,
UDP-AA-GLUTAMATE,udp-n-acetylmuramoyl-l-alanyl-d-glutamate,UDP-AA-GLUTAMATE,uamag,C00692,,,,,,
UDP-AAGM-DIAMINOHEPTANEDIOATE,"udp-n-acetylmuramoyl-l-alanyl-d-glutamyl-meso-2,6-diaminoheptanedioate",UDP-AAGM-DIAMINOHEPTANEDIOATE,ugmd,C04877,,,,,,
UDP-ACETYL-CARBOXYVINYL-GLUCOSAMINE,udp-n-acetyl-3-(1-carboxyvinyl)-d-glucosamine,UDP-ACETYL-CARBOXYVINYL-GLUCOSAMINE,uaccg,C04631,,,,,,
UDP-ACETYLMURAMOYL-ALA,udp-n-acetylmuramoyl-l-alanine,UDP-ACETYLMURAMOYL-ALA,uama,C01212,,,,,,
UDP-GLACTOSE,udp-galactose,UDP-GLACTOSE,udpgal,C00052,,,,,,
UDP-GLUCOSE,udp-d-glucose,UDP-GLUCOSE,udpg,C00029,,,,,,
UDP-GLUCURONATE,udp-d-glucuronate,UDP-GLUCURONATE,udpglcur,C00167,,,,,,
UDP-N-ACETYL-D-GLUCOSAMINE,udp-n-acetyl-d-glucosamine,UDP-N-ACETYL-D-GLUCOSAMINE,uacgam,C00043,,,,,,
UDP-N-ACETYLMURAMATE,udp-n-acetylmuramate,UDP-N-ACETYLMURAMATE,uamr,C01050,,,,,,
UDP-OHMYR-ACETYLGLUCOSAMINE,udp-3-o-(3-hydroxymyristoyl)-n-acetylglucosamine,UDP-OHMYR-ACETYLGLUCOSAMINE,u3aga,C04738,,,,,,
UDP-OHMYR-GLUCOSAMINE,udp-3-o-(3-hydroxymyristoyl)glucosamine,UDP-OHMYR-GLUCOSAMINE,u3hga,C06022,,,,,,
UDP-POLYSACCH_LPS,generic udp-polysaccharide,,,,,,,,,
UMP,ump,UMP,ump,C00105,,,,,,
UNDECAPRENYL-DIPHOSPHATE,undecaprenyl diphosphate,UNDECAPRENYL-DIPHOSPHATE,udcpdp,C03543,,,,,,
UNDECAPRENYL-P,undecaprenyl phosphate,UNDECAPRENYL-P,udcpp,C00348,,,,,,
URACIL,uracil,URACIL,ura,C00106,,,,,,
URATE,urate,URATE,urate,C00366,,,,,,
UREA,urea,UREA,urea,C00086,,,,,,
URIDINE,uridine,URIDINE,uri,C00299,,,,,,
UROCANATE,urocanate,UROCANATE,,C00785,,,,,,
UROPORPHYRINOGEN-III,uroporphyrinogen-iii,UROPORPHYRINOGEN-III,uppg3,C01051,,,,,,
UTP,utp,UTP,utp,C00075,,,,,,
VAL,l-valine,VAL,val-L,C00183,,,,,,
VAL-TRNAS,valine trna,VAL-TRNAS,trnaval,C01653,,,,,,
VANILLATE,vanillate,VANILLATE,,C06672,,,,,,
VANILLIN,vanillin,VANILLIN,,C00755,,,,,,
VITAMIN_K_{2},menaquinone,VITAMIN_K_{2},mqn8,C00828,,,,,,
WATER,h2o,WATER,h2o,C00001,,,,,,
WAX-ESTER,generic wax esters,,,,,,,,,
WAX-ESTER_W,generic wax esters (mass),,,,,,,,,
XANTHINE,xanthine,XANTHINE,xan,C00385,,,,,,
XANTHOSINE,xanthosine,XANTHOSINE,xtsn,C01762,,,,,,
XANTHOSINE-5-PHOSPHATE,xanthosine-5-phosphate,XANTHOSINE-5-PHOSPHATE,xmp,C00655,,,,,,
XYLULOSE-5-PHOSPHATE,xylulose-5-phosphate,XYLULOSE-5-PHOSPHATE,xu5p-D,C00231,,,,,,
,,,,,,,,,,
,,,,,,,,,,
,,,,,,,,,,
,,,,,,,,,,
,,,,,,,,,,
,,,,,,,,,,
,,,,,,,,,,
,,,,,,,,,,
,,,,,,,,,,
,,,,,,,,,,
,,,,,,,,,,
,,,,,,,,,,
,,,,,,,,,,
,,,,,,,,,,
,,,,,,,,,,
,,,,,,,,,,
,,,,,,,,,,
,,,,,,,,,,
,,,,,,,,,,
,,,,,,,,,,
,,,,,,,,,,
,,,,,,,,,,
,,,,,,,,,,
,,,,,,,,,,
,,,,,,,,,,
,,,,,,,,,,
,,,,,,,,,,
,,,,,,,,,,
,,,,,,,,,,
,,,,,,,,,,
,,,,,,,,,,
,,,,,,,,,,
,,,,,,,,,,
,,,,,,,,,,
,,,,,,,,,,
,,,,,,,,,,
,,,,,,,,,,
,,,,,,,,,,
,,,,,,,,,,
,,,,,,,,,,
,,,,,,,,,,
,,,,,,,,,,
,,,,,,,,,,
,,,,,,,,,,
,,,,,,,,,,
,,,,,,,,,,
,,,,,,,,,,
,,,,,,,,,,
,,,,,,,,,,
,,,,,,,,,,
,,,,,,,,,,
,,,,,,,,,,
,,,,,,,,,,
,,,,,,,,,,
,,,,,,,,,,
,,,,,,,,,,
,,,,,,,,,,
,,,,,,,,,,
,,,,,,,,,,
,,,,,,,,,,
,,,,,,,,,,
,,,,,,,,,,
,,,,,,,,,,
,,,,,,,,,,
,,,,,,,,,,
,,,,,,,,,,
,,,,,,,,,,
,,,,,,,,,,
,,,,,,,,,,
,,,,,,,,,,
,,,,,,,,,,
,,,,,,,,,,
,,,,,,,,,,
,,,,,,,,,,
,,,,,,,,,,
,,,,,,,,,,
,,,,,,,,,,
,,,,,,,,,,
,,,,,,,,,,
,,,,,,,,,,
,,,,,,,,,,
,,,,,,,,,,
,,,,,,,,,,
,,,,,,,,,,
,,,,,,,,,,
,,,,,,,,,,
,,,,,,,,,,
,,,,,,,,,,
,,,,,,,,,,
,,,,,,,,,,
,,,,,,,,,,
,,,,,,,,,,
,,,,,,,,,,
,,,,,,,,,,
,,,,,,,,,,
,,,,,,,,,,
,,,,,,,,,,
,,,,,,,,,,
,,,,,,,,,,
,,,,,,,,,,
,,,,,,,,,,
,,,,,,,,,,
,,,,,,,,,,
,,,,,,,,,,
,,,,,,,,,,
,,,,,,,,,,
,,,,,,,,,,
,,,,,,,,,,
,,,,,,,,,,
,,,,,,,,,,
,,,,,,,,,,
,,,,,,,,,,
,,,,,,,,,,
,,,,,,,,,,
,,,,,,,,,,
,,,,,,,,,,
