Abbreviation   , Official name   ,Neutral  formula, Charged formula        ,Charge         , Cas number, KeggID   
10fthf,10-Formyltetrahydrofolate,C20H23N7O7,C20H21N7O7,-2,,C00234
13dpg,3-Phospho-D-glyceroyl phosphate,C3H8O10P2,C3H4O10P2,-4,None,C00236
1hdecg3p,1-hexadecanoyl-sn-glycerol 3-phosphate,C19H39O7P1,C19H37O7P1,-2,,C00681
1p3h5c,L-1-Pyrroline-3-hydroxy-5-carboxylate,C5H7NO3,C5H6NO3,-1,5255-75-4,C04281
1pyr5c,1-Pyrroline-5-carboxylate,C5H7NO2,C5H6NO2,-1,,C03912
23dhdp,"2,3-Dihydrodipicolinate",C7H7NO4,C7H5NO4,-2,,C03340
23dhmb,"(R)-2,3-Dihydroxy-3-methylbutanoate",C5H10O4,C5H9O4,-1,,C04272
23dhmp,"(R)-2,3-Dihydroxy-3-methylpentanoate",C6H12O4,C6H11O4,-1,,C06007
25aics,(S)-2-[5-Amino-1-(5-phospho-D-ribosyl)imidazole-4-carboxamido]succinate,C13H19N4O12P,C13H15N4O12P,-4,,C04823
25dhpp,"2,5-Diamino-6-hydroxy-4-(5'-phosphoribosylamino)-pyrimidine",C9H16N5O8P,C9H14N5O8P,-2,,C01304
26dap-LL,"LL-2,6-Diaminoheptanedioate",C7H14N2O4,C7H14N2O4,0,583-93-7,C00666
26dap-M,"meso-2,6-Diaminoheptanedioate",C7H14N2O4,C7H14N2O4,0,None,C00680
2ahbut,(S)-2-Aceto-2-hydroxybutanoate,C6H10O4,C6H9O4,-1,,C06006
2ahhmd,"2-Amino-4-hydroxy-6-hydroxymethyl-7,8-dihydropteridine diphosphate",C7H11N5O8P2,C7H8N5O8P2,-3,70608-72-9,C04807
2ahhmp,"2-Amino-4-hydroxy-6-hydroxymethyl-7,8-dihydropteridine",,C7H9N5O2,0,,C01300
2cpr5p,1-(2-Carboxyphenylamino)-1-deoxy-D-ribulose 5-phosphate,C12H16NO9P,C12H13NO9P,-3,,C01302
2dda7p,2-Dehydro-3-deoxy-D-arabino-heptonate 7-phosphate,C7H13O10P,C7H10O10P,-3,,C04691
2ddg6p,2-Dehydro-3-deoxy-D-gluconate 6-phosphate,C6H11O9P,C6H8O9P,-3,,C04442
2ddglcn,2-Dehydro-3-deoxy-D-gluconate,C6H10O6,C6H9O6,-1,None,C00204
2dhp,2-Dehydropantoate,C6H10O4,C6H9O4,-1,,C00966
2dr1p,2-Deoxy-D-ribose 1-phosphate,C5H11O7P,C5H9O7P,-2,,C00672
2dr5p,2-Deoxy-D-ribose 5-phosphate,C5H11O7P,C5H9O7P,-2,102916-66-5,C00673
2ippm,2-Isopropylmaleate,C7H10O4,C7H8O4,-2,,C02631
2mahmp,2-Methyl-4-amino-5-hydroxymethylpyrimidine diphosphate,C6H11N3O7P2,C6H8N3O7P2,-3,745-65-3,C04752
2me4p,2-C-methyl-D-erythritol 4-phosphate,C5H13O7P,C5H11O7P,-2,,C11434
2mecdp,"2-C-methyl-D-erythritol 2,4-cyclodiphosphate",C5H12O9P2,C5H10O9P2,-2,,C11453
2obut,2-Oxobutanoate,C4H6O3,C4H5O3,-1,600-18-0,C00109
2p4c2me,2-phospho-4-(cytidine 5'-diphospho)-2-C-methyl-D-erythritol,C14H26N3O17P3,C14H22N3O17P3,-4,,
2pg,D-Glycerate 2-phosphate,C3H7O7P,C3H4O7P,-3,,C00631
34hpp,3-(4-Hydroxyphenyl)pyruvate,C9H8O4,C9H7O4,-1,,C01179
3c2hmp,3-Carboxy-2-hydroxy-4-methylpentanoate,C7H12O5,C7H10O5,-2,,C04411
3c3hmp,3-Carboxy-3-hydroxy-4-methylpentanoate,C7H12O5,C7H10O5,-2,,C02504
3c4mop,3-Carboxy-4-methyl-2-oxopentanoate,C7H10O5,C7H8O5,-2,,C04236
3dhq,3-Dehydroquinate,C7H10O6,C7H9O6,-1,,C00944
3dhsk,3-Dehydroshikimate,C7H8O5,C7H7O5,-1,,C02637
3hoctaACP,(R)-3-Hydroxyoctadecanoyl-[acyl-carrier protein],,C29H55N2O9PRS,-1,,
3hpalmACP,R-3-hydroxypalmitoyl-[acyl-carrier protein],,C27H51N2O9PRS,-1,,C04633
3ig3p,C'-(3-Indolyl)-glycerol 3-phosphate,C11H14NO6P,C11H12NO6P,-2,,C03506
3mob,3-Methyl-2-oxobutanoate,C5H8O3,C5H7O3,-1,,C00141
3mop,(S)-3-Methyl-2-oxopentanoate,C6H10O3,C6H9O3,-1,,C00671
3pg,3-Phospho-D-glycerate,C3H7O7P,C3H4O7P,-3,,C00197
3php,3-Phosphohydroxypyruvate,C3H5O7P,C3H2O7P,-3,,C03232
3psme,5-O-(1-Carboxyvinyl)-3-phosphoshikimate,C10H13O10P,C10H9O10P,-4,,C01269
3sala,3-Sulfino-L-alanine,C3H7NO4S,C3H5NO4S,-2,1115-65-7,C00606
3snpyr,3-Sulfinopyruvate,C3H4O5S,C3H2O5S,-2,28954-12-3,C05527
3spyr,3-Sulfopyruvate,C3H4O6S,C3H2O6S,-2,,KEGG - C05528
4abz,4-Aminobenzoate,C7H7NO2,C7H6NO2,-1,150-13-0,C00568
4adcho,4-amino-4-deoxychorismate,C10H11NO5,C10H10NO5,-1,,C11355
4ahmmp,4-Amino-5-hydroxymethyl-2-methylpyrimidine,,C6H9N3O,0,73-67-6,C01279
4ampm,4-Amino-2-methyl-5-phosphomethylpyrimidine,C6H10N3O4P,C6H8N3O4P,-2,,C04556
4c2me,4-(cytidine 5'-diphospho)-2-C-methyl-D-erythritol,C14H25N3O14P2,C14H23N3O14P2,-2,,C11435
4h2oglt,4-Hydroxy-2-oxoglutarate,C5H6O6,C5H4O6,-2,,C01127
4hba,4-Hydroxy-benzyl alcohol,,C7H8O2,0,,
4hpro-LT,trans-4-Hydroxy-L-proline,C5H9NO3,C5H9NO3,0,51-35-4,C01157
4mop,4-Methyl-2-oxopentanoate,C6H10O3,C6H9O3,-1,,C00233
4mpetz,4-Methyl-5-(2-phosphoethyl)-thiazole,C6H10NO4PS,C6H8NO4PS,-2,,C04327
4pasp,4-Phospho-L-aspartate,C4H8NO7P,C4H6NO7P,-2,,C03082
4ppan,D-4'-Phosphopantothenate,C9H18NO8P,C9H15NO8P,-3,,C03492
4ppcys,N-((R)-4-Phosphopantothenoyl)-L-cysteine,C12H23N2O9PS,C12H20N2O9PS,-3,,C04352
4r5au,4-(1-D-Ribitylamino)-5-aminouracil,C9H16N4O6,C9H16N4O6,0,,C04732
5aizc,5-amino-1-(5-phospho-D-ribosyl)imidazole-4-carboxylate,C9H14N3O9P,C9H11N3O9P,-3,,C04751
5aprbu,5-Amino-6-(5'-phosphoribitylamino)uracil,C9H17N4O9P,C9H15N4O9P,-2,,C04454
5apru,5-Amino-6-(5'-phosphoribosylamino)uracil,C9H15N4O9P,C9H13N4O9P,-2,,C01268
5forthf,5-Formiminotetrahydrofolate,C20H24N8O6,C20H22N8O6,-2,,C00664
5fthf,5-Formyltetrahydrofolate,C20H23N7O7,C20H21N7O7,-2,58-05-9,C03479
5mdr1p,5-Methylthio-5-deoxy-D-ribose 1-phosphate,C6H13O7PS,C6H11O7PS,-2,,C04188
5mdru1p,5-Methylthio-5-deoxy-D-ribulose 1-phosphate,C6H13O7PS,C6H11O7PS,-2,,C04582
5mta,5-Methylthioadenosine,C11H15N5O3S,C11H15N5O3S,0,2457-80-9,C00170
5mthf,5-Methyltetrahydrofolate,C20H25N7O6,C20H24N7O6,-1,,C00440
5mthglu,5-Methyltetrahydropteroyltri-L-glutamate,C25H36N8O12,C25H34N8O12,-2,,C04489
5mtr,5-Methylthio-D-ribose,,C6H12O4S,0,,C03089
6pgc,6-Phospho-D-gluconate,C6H13O10P,C6H10O10P,-3,,C00345
6pgg,"6-Phospho-beta-D-glucosyl-(1,4)-D-glucose",C12H23O14P,C12H21O14P,-2,,C04534
6pgl,"6-phospho-D-glucono-1,5-lactone",C6H11O9P,C6H9O9P,-2,None,C01236
6pthp,"6-Pyruvoyl-5,6,7,8-tetrahydropterin",,C9H11N5O3,0,,C03684
ACP,acyl carrier protein,,C11H21N2O7PRS,-1,,C00229
Glc-aD,alpha D-glucose,,C6H12O6,0,,
Largn,L-Arogenate,,C10H13NO5,0,53078-86-7,C00826
Lcyst,L-Cysteate,C3H7NO5S,C3H6NO5S,-1,13100-82-8,C00506
Nforglu,N-Formyl-L-glutamate,,C6H9NO5,0,,C01045
TM_GL1,Thermotoga maritima glycolipid 1,,C57H106O16,0,,
TM_GL2,Thermotoga maritima glycolipid 2,,C47H88O15,0,,
ac,Acetate,C2H4O2,C2H3O2,-1,71-50-1,C00033
acACP,Acetyl-ACP,,C13H23N2O8PRS,-1,,
acald,Acetaldehyde,,C2H4O,0,75-07-0,C00084
accoa,Acetyl-CoA,C23H38N7O17P3S,C23H34N7O17P3S,-4,72-89-9,C00024
acetol,Acetol,,C3H6O2,0,116-09-6,C05235
acg5p,N-Acetyl-L-glutamyl 5-phosphate,C7H12NO8P,C7H9NO8P,-3,,C04133
acg5sa,N-Acetyl-L-glutamate 5-semialdehyde,C7H11NO4,C7H10NO4,-1,None,C01250
acgam,N-Acetyl-D-glucosamine,,C8H15NO6,0,7512-17-6,C00140
acgam1p,N-Acetyl-D-glucosamine 1-phosphate,C8H16NO9P,C8H14NO9P,-2,None,C04256
acgam6p,N-Acetyl-D-glucosamine 6-phosphate,C8H16NO9P,C8H14NO9P,-2,102029-88-9,C00357
acglu,N-Acetyl-L-glutamate,C7H11NO5,C7H9NO5,-2,1188-37-0,C00624
achms,O-Acetyl-L-homoserine,C6H11NO4,C6H11NO4,0,,C01077
acorn,N2-Acetyl-L-ornithine,C7H14N2O3,C7H14N2O3,0,None,C00437
acser,O-Acetyl-L-serine,C5H9NO4,C5H9NO4,0,66638-22-0,C00979
actACP,Acetoacetyl-ACP,,C15H25N2O9PRS,-1,,C05744
actp,Acetyl phosphate,C2H5O5P,C2H3O5P,-2,19926-71-7,C00227
ade,Adenine,,C5H5N5,0,73-24-5,C00147
adn,Adenosine,,C10H13N5O4,0,58-61-7,C00212
adp,ADP,C10H15N5O10P2,C10H12N5O10P2,-3,58-64-0,C00008
adpglc,ADPglucose,C16H25N5O15P2,C16H23N5O15P2,-2,,C00498
ahcys,S-Adenosyl-L-homocysteine,C14H20N6O5S,C14H20N6O5S,0,979-92-0,C00021
ahdt,"2-Amino-4-hydroxy-6-(erythro-1,2,3-trihydroxypropyl)dihydropteridine triphosphate",C9H16N5O13P3,C9H12N5O13P3,-4,,C04895
aicar,5-Amino-1-(5-Phospho-D-ribosyl)imidazole-4-carboxamide,C9H15N4O8P,C9H13N4O8P,-2,3031-94-5,C04677
air,5-amino-1-(5-phospho-D-ribosyl)imidazole,C8H14N3O7P,C8H12N3O7P,-2,25635-88-5,C03373
akg,2-Oxoglutarate,C5H6O5,C5H4O5,-2,328-50-7,C00026
ala-B,beta-Alanine,C3H7NO2,C3H7NO2,0,107-95-9,C00099
ala-D,D-Alanine,C3H7NO2,C3H7NO2,0,338-69-2,C00133
ala-L,L-Alanine,C3H7NO2,C3H7NO2,0,56-41-7,C00041
alaala,D-Alanyl-D-alanine,C6H12N2O3,C6H12N2O3,0,923-16-0,C00993
alac-S,(S)-2-Acetolactate,C5H8O4,C5H7O4,-1,,C06010
alatrna,L-Alanyl-tRNA(Ala),,C3H6NOR,1,,C00886
amet,S-Adenosyl-L-methionine,C15H23N6O5S,C15H23N6O5S,1,29908-03-0,C00019
ametam,S-Adenosylmethioninamine,,C14H24N6O3S,2,,C01137
amp,AMP,C10H14N5O7P,C10H12N5O7P,-2,61-19-8,C00020
amylose300,"amylose (n=300 repeat units, alpha-1,4-glc)",C1800H3002O1501,C1800H3002O1501,0,,
anth,Anthranilate,C7H7NO2,C7H6NO2,-1,118-92-3,C00108
apoACP,apoprotein [acyl carrier protein],,RHO,0,,
arab-L,L-Arabinose,,C5H10O5,0,147-81-9,C00259
arachACP,eicosanoyl-ACP (n-C20:0),C31H60N2O8PRS,C31H59N2O8PRS,-1,,
aracheACP,cis-eicosa-11-enoyl-[acyl-carrier protein] (n-C20:1),,C31H57N2O8PRS,-1,,
arg-L,L-Arginine,C6H14N4O2,C6H15N4O2,1,74-79-3,C00062
argsuc,N(omega)-(L-Arginino)succinate,C10H18N4O6,C10H17N4O6,-1,None,C03406
argtrna,L-Arginyl-tRNA(Arg),,C6H14N4OR,2,,C02163
asntrna,L-Asparaginyl-tRNA(Asn),,C14H23N2O12PR2,1,,C03402
asp-L,L-Aspartate,C4H7NO4,C4H6NO4,-1,56-84-8,C00049
aspsa,L-Aspartate 4-semialdehyde,C4H7NO3,C4H7NO3,0,None,C00441
asptrna,L-Aspartyl-tRNA(Asp),,C4H5NO3R,0,,C02984
asptrna(asn),L-Aspartyl-tRNA(Asn),,C14H22NO13PR2,0,,
athr-L,L-Allo-threonine,C4H9NO3,C4H9NO3,0,28954-12-3,C05519
atp,ATP,C10H16N5O13P3,C10H12N5O13P3,-4,56-65-5,C00002
behenACP,docosanoyl-ACP (n-C22:0),,C33H63N2O8PRS,-1,,
beheneACP,dosa-11-enoyl-ACP (n-C20:1),,C33H61N2O8PRS,-1,,
btamp,Biotinyl-5'-AMP,C20H28N7O9PS,C20H27N7O9PS,-1,,C05921
btcoa,Butanoyl-CoA,C25H42N7O17P3S,C25H38N7O17P3S,-4,,C00136
btn,Biotin,C10H16N2O3S,C10H15N2O3S,-1,58-85-5,C00120
but,Butyrate (n-C4:0),C4H8O2,C4H7O2,-1,107-92-6,C00246
butpi,Butanoyl phosphate,C4H9O5P,C4H7O5P,-2,1133-63-7,C02527
cbasp,N-Carbamoyl-L-aspartate,C5H8N2O5,C5H6N2O5,-2,,C00438
cbp,Carbamoyl phosphate,CH4NO5P,CH2NO5P,-2,,C00169
cdp,CDP,C9H15N3O11P2,C9H12N3O11P2,-3,63-38-7,C00112
cdp_inost,CDP-Inositol,,C15H23O16N3P2,-2,,
cdpdhdecg,"CDP-1,2-dihexadecanoylglycerol",C44H81N3O15P2,C44H79N3O15P2,-2,,C00269
cell4,cellulose (n=4 repeating units),C24H42O21,C24H42O21,0,,
cell500,"celluose (n=500 repeating units, beta-1,4 glc)",C3000H5002O2501,C3000H5002O2501,0,,
cell6,cellulose (n=6 repeating units),C36H62O31,C36H62O31,0,,
cellb,cellobiose,,C12H22O11,0,,C00185
chol,Choline,,C5H14NO,1,123-41-1,C00114
chor,chorismate,C10H10O6,C10H8O6,-2,55508-12-8,C00251
chtbs,"N,N'-diacetylchitobiose",C16H28N2O11,C16H28N2O11,0,35061-50-8,
cit,Citrate,C6H8O7,C6H5O7,-3,77-92-9,C00158
citr-L,L-Citrulline,C6H13N3O3,C6H13N3O3,0,372-75-8,C00327
cmp,CMP,C9H14N3O8P,C9H12N3O8P,-2,,C00055
co2,CO2,,CO2,0,124-38-9,C00011
coa,Coenzyme A,C21H36N7O16P3S,C21H32N7O16P3S,-4,85-61-0,C00010
creat,Creatine,,C4H9N3O2,0,57-00-1,C00300
crtn,Creatinine,C4H7N3O,C4H7N3O,0,60-27-5,C00791
csn,Cytosine,,C4H5N3O,0,71-30-7,C00380
ctp,CTP,C9H16N3O14P3,C9H12N3O14P3,-4,65-47-4,C00063
cys-L,L-Cysteine,C3H7NO2S,C3H7NO2S,0,52-90-4,C00097
cyst-L,L-Cystathionine,C7H14N2O4S,C7H14N2O4S,0,56-88-2,C02291
cystrna,L-Cysteinyl-tRNA(Cys),,C3H6NOSR,1,,C03125
cytd,Cytidine,,C9H13N3O5,0,65-46-3,C00475
dad-2,Deoxyadenosine,,C10H13N5O3,0,958-09-8,C00559
dadp,dADP,C10H15N5O9P2,C10H12N5O9P2,-3,None,C00206
damp,dAMP,C10H14N5O6P,C10H12N5O6P,-2,653-63-4,C00360
datp,dATP,C10H16N5O12P3,C10H12N5O12P3,-4,1927-31-7,C00131
db4p,"3,4-dihydroxy-2-butanone 4-phosphate",C4H9O6P,C4H7O6P,-2,,C15556
dcaACP,Decanoyl-ACP (n-C10:0ACP),,C21H39N2O8PRS,-1,,C05755
dcamp,"N6-(1,2-Dicarboxyethyl)-AMP",C14H18N5O11P,C14H14N5O11P,-4,,C03794
dcdp,dCDP,C9H15N3O10P2,C9H12N3O10P2,-3,None,C00705
dcmp,dCMP,C9H14N3O7P,C9H12N3O7P,-2,1032-65-1,C00239
dctp,dCTP,C9H16N3O13P3,C9H12N3O13P3,-4,2056-98-6,C00458
dcyt,Deoxycytidine,,C9H13N3O4,0,951-77-9,C00881
ddcaACP,Dodecanoyl-ACP (n-C12:0ACP),,C23H43N2O8PRS,-1,,C05223
dgdp,dGDP,,C10H12N5O10P2,-3,,C00361
dgmp,dGMP,C10H14N5O7P,C10H12N5O7P,-2,902-04-5,C00362
dgsn,Deoxyguanosine,,C10H13N5O4,0,961-07-9,C00330
dgtp,dGTP,C10H16N5O13P3,C10H12N5O13P3,-4,2564-35-4,C00286
dha,Dihydroxyacetone,,C3H6O3,0,96-26-4,C00184
dhap,Dihydroxyacetone phosphate,C3H7O6P,C3H5O6P,-2,57-04-5,C00111
dhf,"7,8-Dihydrofolate",C19H21N7O6,C19H19N7O6,-2,4033-27-6,C00415
dhnpt,Dihydroneopterin,C9H13N5O4,C9H13N5O4,0,,C04874
dhor-S,(S)-Dihydroorotate,C5H6N2O4,C5H5N2O4,-1,5988-19-2,C00337
dhpmp,Dihydroneopterin monophosphate,C9H14N5O7P,C9H12N5O7P,-2,,C05925
dhpt,Dihydropteroate,C14H14N6O3,C14H13N6O3,-1,,C00921
dip-d,d,,"di-myo-inositol 1,1' phosphate",Not Reviewed,-1,
dmlz,"6,7-Dimethyl-8-(1-D-ribityl)lumazine",,C13H18N4O6,0,,C04332
dmosACP,"13,14-Dimethyloctacosanedioic acid ACP (C30:0 ACP)",,C41H77N2O9PRS,-1,,
dmpp,Dimethylallyl diphosphate,C5H12O7P2,C5H9O7P2,-3,358-71-4,C00235
dmtaACP,"15,16-Dimethyltriacontanedioic acid ACP (C32:0 ACP)",,C43H81N2O9PRS,-1,,
dnad,Deamino-NAD+,C21H27N6O15P2,C21H24N6O15P2,-2,,C00857
dpcoa,Dephospho-CoA,C21H35N7O13P2S,C21H33N7O13P2S,-2,,C00882
drib,Deoxyribose,C5H10O4,C5H10O4,0,533-67-5,C01801
dtbt,Dethiobiotin,C10H18N2O3,C10H17N2O3,-1,,C01909
dtdp,dTDP,C10H16N2O11P2,C10H13N2O11P2,-3,,C00363
dtmp,dTMP,C10H15N2O8P,C10H13N2O8P,-2,365-07-1,C00364
dttp,dTTP,C10H17N2O14P3,C10H13N2O14P3,-4,,C00459
dudp,dUDP,C9H14N2O11P2,C9H11N2O11P2,-3,,C01346
dump,dUMP,C9H13N2O8P,C9H11N2O8P,-2,964-26-1,C00365
duri,Deoxyuridine,,C9H12N2O5,0,951-78-0,C00526
dutp,dUTP,C9H15N2O14P3,C9H11N2O14P3,-4,,C00460
dxyl5p,1-deoxy-D-xylulose 5-phosphate,C5H11O7P,C5H9O7P,-2,,C11437
e4hglu,L-erythro-4-Hydroxyglutamate,,C5H8NO5,-1,,C05947
e4p,D-Erythrose 4-phosphate,C4H9O7P,C4H7O7P,-2,585-18-2,C00279
eig3p,D-erythro-1-(Imidazol-4-yl)glycerol 3-phosphate,C6H11N2O6P,C6H9N2O6P,-2,,C04666
etha,Ethanolamine,C2H7NO,C2H8NO,1,141-43-5,C00189
f1p,D-Fructose 1-phosphate,C6H13O9P,C6H11O9P,-2,15978-08-2,C02976
f6p,D-Fructose 6-phosphate,C6H13O9P,C6H11O9P,-2,643-13-0,C00085
fad,Flavin adenine dinucleotide oxidized,C27H33N9O15P2,C27H31N9O15P2,-2,146-14-5,C00016
fadh2,Flavin adenine dinucleotide reduced,C27H35N9O15P2,C27H33N9O15P2,-2,,C01352
fcl-L,L-fuculose,,C6H12O5,0,,C01721
fdp,"D-Fructose 1,6-bisphosphate",C6H14O12P2,C6H10O12P2,-4,488-69-7,C00354
fdxo-4:2,ferredoxin (oxidized form 4:2),Fe8S8X,Fe8S8X,0,,
fdxr-4:2,ferredoxin (reduced form 4:2),Fe8S8X,Fe8S8X,-2,,
fe2,Fe2+,,Fe,2,None,C00023
fe3,Fe3+,,Fe,3,None,
fgam,N2-Formyl-N1-(5-phospho-D-ribosyl)glycinamide,C8H15N2O9P,C8H13N2O9P,-2,,C04376
fmettrna,N-Formylmethionyl-tRNA,,C6H9NO2SR,0,,C03294
fmn,FMN,C17H21N4O9P,C17H19N4O9P,-2,146-17-8,C00061
for,Formate,CH2O2,CH1O2,-1,64-18-6,C00058
forglu,N-Formimidoyl-L-glutamate,C6H10N2O4,C6H8N2O4,-2,,C00439
fpram,2-(Formamido)-N1-(5-phospho-D-ribosyl)acetamidine,C8H16N3O8P,C8H15N3O8P,-1,,C04640
fprica,5-Formamido-1-(5-phospho-D-ribosyl)imidazole-4-carboxamide,C10H15N4O9P,C10H13N4O9P,-2,,C04734
frdp,Farnesyl diphosphate,C15H28O7P2,C15H25O7P2,-3,13058-04-3,C00448
fru,D-Fructose,,C6H12O6,0,57-48-7,C00095
fruur,D-Fructuronate,C6H10O7,C6H9O7,-1,669-90-9,C00905
fuc-L,L-Fucose,,C6H12O5,0,2438-80-4,C01019
fum,Fumarate,C4H4O4,C4H2O4,-2,110-17-8,C00122
g1p,D-Glucose 1-phosphate,C6H13O9P,C6H11O9P,-2,59-56-3,C00103
g3p,Glyceraldehyde 3-phosphate,C3H7O6P,C3H5O6P,-2,142-10-9,C00661
g3pc,sn-Glycero-3-phosphocholine,,C8H20NO6P,0,,C00670
g3pe,sn-Glycero-3-phosphoethanolamine,C5H14NO6P,C5H14NO6P,0,,C01233
g6p,D-Glucose 6-phosphate,C6H13O9P,C6H11O9P,-2,56-73-5,C00092
gal,D-Galactose,,C6H12O6,0,59-23-4,C00124
gal-bD,beta D-Galactose,,C6H12O6,0,33419-42-0,C01582
gal1p,alpha-D-Galactose 1-phosphate,C6H13O9P,C6H11O9P,-2,2255-14-3,C00446
galman4,"galactomannan(n=4 repeat units mannose, alpha-1,4 man)",C24H42O21,C24H42O21,0,,
galman6,"galactomannan(n=6 repeat units mannose, alpha-1,4 man)",C36H62O31,C36H62O31,0,,
galman600,"galactomannan (n=600 repeat units mannose, alpha-1,4 man)",C3600H6002O3001,C3600H6002O3001,0,,
galur,D-Galacturonate,C6H10O7,C6H9O7,-1,685-73-4,C00333
gam1p,D-Glucosamine 1-phosphate,C6H14NO8P,C6H13NO8P,-1,,C06156
gam6p,D-Glucosamine 6-phosphate,C6H14NO8P,C6H13NO8P,-1,3616-42-0,C00352
gar,N1-(5-Phospho-D-ribosyl)glycinamide,C7H15N2O8P,C7H14N2O8P,-1,,C03838
gcald,Glycolaldehyde,,C2H4O2,0,,C00266
gdp,GDP,C10H15N5O11P2,C10H12N5O11P2,-3,146-91-8,C00035
glc-D,D-Glucose,,C6H12O6,0,50-99-7,C00031
glc-bD,beta D-glucose,,C6H12O6,0,,
glcman4,"glucomannan (n=4 repeat units, glc beta-1,4 man)",C24H42O21,C24H42O21,0,,
glcman6,"glucomannan (n=6 repeat units, glc beta-1,4 man)",C36H62O31,C36H62O31,0,,
glcman600,"glucomannan (n=600 repeat units, glc beta-1,4 man)",C3600H6002O3001,C3600H6002O3001,0,,
glcn,D-Gluconate,C6H12O7,C6H11O7,-1,526-95-4,C00257
glcur,D-Glucuronate,C6H10O7,C6H9O7,-1,12/3/6556,C00191
gln-L,L-Glutamine,C5H10N2O3,C5H10N2O3,0,56-85-9,C00064
glntrna,L-Glutaminyl-tRNA(Gln),,C5H9N2O2R,1,,C02282
glu-D,D-Glutamate,C5H9NO4,C5H8NO4,-1,6893-26-1,C00217
glu-L,L-Glutamate,C5H9NO4,C5H8NO4,-1,56-86-0,C00025
glu5p,L-Glutamate 5-phosphate,C5H10NO7P,C5H8NO7P,-2,,C03287
glu5sa,L-Glutamate 5-semialdehyde,C5H9NO3,C5H9NO3,0,None,C01165
glucan1500,"beta-1,3/1,4-glucan (Barley, n=1500, Glc beta1->3,4 Glc)",,C9000H15002O7501,0,,
glucan4,"beta-1,3/1,4-glucan (Barley, n=4, Glc beta1->3,4 Glc)",,C24H42O21,0,,
glucan6,"beta-1,3/1,4-glucan (Barley, n=6, Glc beta1->3,4 Glc)",,C36H62O31,0,,
glutrna,L-Glutamyl-tRNA(Glu),C5H7NO3R,C5H7NO3R,0,None,C02987
glutrna(gln),L-Glutamyl-tRNA(Gln),,C5H7NO3R,0,,
glx,Glyoxylate,C2H2O3,C2H1O3,-1,298-12-4,C00048
gly,Glycine,C2H5NO2,C2H5NO2,0,56-40-6,C00037
glyald,D-Glyceraldehyde,,C3H6O3,0,453-17-8,C00577
glyc,Glycerol,,C3H8O3,0,56-81-5,C00116
glyc-R,(R)-Glycerate,C3H6O4,C3H5O4,-1,473-81-4,C00258
glyc3p,Glycerol 3-phosphate,C3H9O6P,C3H7O6P,-2,,C00093
glycogen,glycogen,,C6H10O5,0,,C00182
glycogen1500,"glycogen (n=1500 repeat units) (glc alpha 1,4/6 glc)",,C9000H15002O7501,0,,
glytrna,Glycyl-tRNA(Gly),,C2H4NOR,1,,C02412
gmp,GMP,,C10H12N5O8P,-2,85-32-5,C00144
grdp,Geranyl diphosphate,C10H20O7P2,C10H17O7P2,-3,,C00341
gsn,Guanosine,,C10H13N5O5,0,118-00-3,C00387
gtp,GTP,C10H16N5O14P3,C10H12N5O14P3,-4,86-01-1,C00044
gua,Guanine,,C5H5N5O,0,73-40-5,C00242
h,H+,,H,1,12408-02-5,C00080
h2,H2,,H2,0,1333-74-0,C00282
h2mb4p,1-hydroxy-2-methyl-2-(E)-butenyl 4-diphosphate,,C5H9O8P2,-3,,C11811
h2o,H2O,,H2O,0,7732-18-5,C00001
h2o2,Hydrogen peroxide,,H2O2,0,7722-84-1,C00027
h2s,Hydrogen sulfide,,H2S,0,6/4/7783,C00283
hco3,Bicarbonate,,CHO3,-1,71-52-3,C00288
hcys-L,L-Homocysteine,C4H9NO2S,C4H9NO2S,0,6027-13-0,C00155
hdeACP,cis-hexadec-9-enoyl-[acyl-carrier protein] (n-C16:1),,C27H49N2O8PRS,-1,,
his-L,L-Histidine,C6H9N3O2,C6H9N3O2,0,71-00-1,C00135
hisp,L-Histidinol phosphate,C6H12N3O4P,C6H11N3O4P,-1,25679-93-0,C01100
histd,L-Histidinol,C6H11N3O,C6H12N3O,1,None,C00860
histrna,L-Histidyl-tRNA(His),,C6H8N3OR,1,,C02988
hom-L,L-Homoserine,C4H9NO3,C4H9NO3,0,672-15-1,C00263
hpyr,Hydroxypyruvate,C3H4O4,C3H3O4,-1,1113-60-6,C00168
hxan,Hypoxanthine,,C5H4N4O,0,68-94-0,C00262
iasp,Iminoaspartate,C4H5NO4,C4H3NO4,-2,,C05840
icit,Isocitrate,C6H8O7,C6H5O7,-3,30810-51-6,C00311
ile-L,L-Isoleucine,C6H13NO2,C6H13NO2,0,73-32-5,C00407
iletrna,L-Isoleucyl-tRNA(Ile),,C6H12NOR,1,,C03127
imacp,3-(Imidazol-4-yl)-2-oxopropyl phosphate,C6H9N2O5P,C6H7N2O5P,-2,,C01267
imp,IMP,C10H13N4O8P,C10H11N4O8P,-2,131-99-7,C00130
indole,Indole,C8H7N,C8H7N,0,120-72-9,C00463
inost,myo-Inositol,,C6H12O6,0,87-89-8,C00137
ins,Inosine,,C10H12N4O5,0,58-63-9,C00294
ipdp,Isopentenyl diphosphate,C5H12O7P2,C5H9O7P2,-3,,C00129
ksi,keratan sulfate I,,C247H393N17O213S12X,-13,,
ksi_deg1,"keratan sulfate I, degradation product 1",,C241H383N17O209S12X,-13,,
lac-L,L-Lactate,C3H6O3,C3H5O3,-1,79-33-4,C00186
lald-L,L-Lactaldehyde,,C3H6O2,0,598-35-6,C00424
lcts,Lactose,,C12H22O11,0,63-42-3,C00243
leu-L,L-Leucine,C6H13NO2,C6H13NO2,0,61-90-5,C00123
leutrna,L-Leucyl-tRNA(Leu),,C6H12NOR,1,,C02047
lgnACP,tetracosanoyl-ACP (n-C24:0),,C35H67N2O8PRS,-1,,
lmn2,Laminaribiose,,C12H22O11,0,,
lmn30,"laminarin (n=30 repeat units, beta -1,3 glc)",C180H302O151,C180H302O151,0,,
lys-L,L-Lysine,C6H14N2O2,C6H15N2O2,1,56-87-1,C00047
lystrna,L-Lysine-tRNA (Lys),,C6H14N2OR,2,,C01931
mal-L,L-Malate,C4H6O5,C4H4O5,-2,97-67-6,C00149
malACP,Malonyl-[acyl-carrier protein],C3H3O3R,C14H22N2O10PRS,-2,None,C01209
malcoa,Malonyl-CoA,C24H38N7O19P3S,C24H33N7O19P3S,-5,524-14-1,C00083
malt,Maltose,,C12H22O11,0,69-79-4,C00208
malttr,Maltotriose,,C18H32O16,0,1109-28-0,C01835
maltttr,Maltotetraose,,C24H42O21,0,34612-38-9,C02052
man,D-Mannose,,C6H12O6,0,3458-28-4,C00159
man6p,D-Mannose 6-phosphate,C6H13O9P,C6H11O9P,-2,None,C00275
mana,D-Mannonate,C6H12O7,C6H11O7,-1,,C00514
manb,"Mannobiose (beta-1,4)",C12H22O11,C12H22O11,0,,
mantr,"mannotriose (beta-1,4)",C18H32O16,C18H32O16,0,,
manttr,mannotetraose,C24H42O21,C24H42O21,0,,
melib,Melibiose,,C12H22O11,0,585-99-9,C05402
mercplac,3-Mercaptolactate,C3H5O3S,C3H5O3S,-1,63-37-6,C05823
mercppyr,Mercaptopyruvate,C3H4O3S,C3H3O3S,-1,,C00957
met-L,L-Methionine,C5H11NO2S,C5H11NO2S,0,63-68-3,C00073
methf,"5,10-Methenyltetrahydrofolate",C20H22N7O6,C20H20N7O6,-1,,C00445
mettrna,L-Methionyl-tRNA (Met),,C5H10NOSR,1,,C02430
mg2,magnesium,Mg,Mg,2,,C00305
mi1p-D,1D-myo-Inositol 1-phosphate,,C6H11O9P,-2,,C01177
mlthf,"5,10-Methylenetetrahydrofolate",C20H23N7O6,C20H21N7O6,-2,,C00143
mmcoa-S,(S)-Methylmalonyl-CoA,C25H40N7O19P3S,C25H35N7O19P3S,-5,,C00683
mnl,D-Mannitol,,C6H14O6,0,69-65-8,C00392
mthgxl,Methylglyoxal,,C3H4O2,0,78-98-8,C00546
myrsACP,Myristoyl-ACP (n-C14:0ACP),,C25H47N2O8PRS,-1,,C05761
n6all26d,"N6-Acetyl-LL-2,6-diaminoheptanedioate",C9H16N2O5,C9H15N2O5,-1,53-42-9,C04390
na1,Sodium,,Na,1,7440-23-5,C01330
nac,Nicotinate,C6H5NO2,C6H4NO2,-1,59-67-6,C00253
nad,Nicotinamide adenine dinucleotide,C21H28N7O14P2,C21H26N7O14P2,-1,53-84-9,C00003
nadh,Nicotinamide adenine dinucleotide - reduced,C21H29N7O14P2,C21H27N7O14P2,-2,58-68-4,C00004
nadp,Nicotinamide adenine dinucleotide phosphate,,C21H25N7O17P3,-3,53-59-8,C00006
nadph,Nicotinamide adenine dinucleotide phosphate - reduced,C21H30N7O17P3,C21H26N7O17P3,-4,2646-71-1,C00005
nal2a6o,N-Acetyl-L-2-amino-6-oxopimelate,C9H13NO6,C9H11NO6,-2,52500-60-4,C05539
ncam,Nicotinamide,C6H6N2O,C6H6N2O,0,98-92-0,C00153
nh4,Ammonium,H3N,H4N,1,14798-03-9,C01342
nicrns,Nicotinate D-ribonucleoside,C11H14NO6,C11H13NO6,0,,C05841
nicrnt,Nicotinate D-ribonucleotide,C11H15NO9P,C11H12NO9P,-2,,C01185
nmn,NMN,,C11H14N2O8P,-1,1094-61-7,C00455
o2,O2,,O2,0,7782-44-7,C00007
oaa,Oxaloacetate,C4H4O5,C4H2O5,-2,328-42-7,C00036
ocdcaACP,Octadecanoyl-ACP (n-C18:0ACP),,C29H55N2O8PRS,-1,,
ocdcyaACP,Octadecynoyl-ACP (n-C18:2ACP),,C29H51N2O8PRS,-1,,
octdp,all-trans-Octaprenyl diphosphate,C40H68O7P2,C40H65O7P2,-3,,C04146
octeACP,cis-octadec-11-enoyl-[acyl-carrier protein] (n-C18:1),,C29H53N2O8PRS,-1,,
orn,Ornithine,C5H12N2O2,C5H13N2O2,1,70-26-8,C01602
orot,Orotate,C5H4N2O4,C5H3N2O4,-1,65-86-1,C00295
orot5p,Orotidine 5'-phosphate,C10H13N2O11P,C10H10N2O11P,-3,2149-82-8,C01103
pa160,"1,2-dihexadecanoyl-sn-glycerol 3-phosphate",C35H69O8P1,C35H67O8P1,-2,,C00416
palmACP,Palmitoyl-ACP (n-C16:0ACP),,C27H51N2O8PRS,-1,,C05764
pan4p,Pantetheine 4'-phosphate,C11H23N2O7PS,C11H21N2O7PS,-2,,C01134
pant-R,(R)-Pantoate,C6H12O4,C6H11O4,-1,470-29-1,C00522
pap,"Adenosine 3',5'-bisphosphate",C10H15N5O10P2,C10H11N5O10P2,-4,1053-73-2,C00054
pcreat,Phosphocreatine,C4H10N3O5P,C4H9N3O5P,-1,,
pep,Phosphoenolpyruvate,C3H5O6P,C3H2O6P,-3,138-08-9,C00074
peptido_TM,Peptidoglycan subunit of Thermotoga maritima,,C39H63N8O19,-1,,
pgp160,"Phosphatidylglycerophosphate (dihexadecanoyl, n-C16:0)",C38H76O13P2,C38H73O13P2,-3,,C03892
phe-L,L-Phenylalanine,C9H11NO2,C9H11NO2,0,63-91-2,C00079
phetrna,L-Phenylalanyl-tRNA(Phe),,C9H10NOR,1,,C03511
phom,O-Phospho-L-homoserine,C4H10NO6P,C4H8NO6P,-2,,C01102
phpyr,Phenylpyruvate,C9H8O3,C9H7O3,-1,156-06-9,C00166
pi,Phosphate,H3O4P,HO4P,-2,14265-44-2,C00009
pnto-R,(R)-Pantothenate,C9H17NO5,C9H16NO5,-1,79-83-4,C00864
ppcoa,Propanoyl-CoA,C24H40N7O17P3S,C24H36N7O17P3S,-4,317-66-8,C00100
pphn,Prephenate,C10H10O6,C10H8O6,-2,126-49-8,C00254
ppi,Diphosphate,H4O7P2,HO7P2,-3,9/3/2466,C00013
pppi,Inorganic triphosphate,H5O10P3,HO10P3,-4,,C03279
pram,5-Phospho-beta-D-ribosylamine,C5H12NO7P,C5H11NO7P,-1,,C03090
pran,N-(5-Phospho-D-ribosyl)anthranilate,C12H16NO9P,C12H13NO9P,-3,None,C04302
prbamp,1-(5-Phosphoribosyl)-AMP,C15H23N5O14P2,C15H19N5O14P2,-4,,C02741
prbatp,1-(5-Phosphoribosyl)-ATP,C15H25N5O20P4,C15H19N5O20P4,-6,,C02739
prfp,1-(5-Phosphoribosyl)-5-[(5-phosphoribosylamino)methylideneamino]imidazole-4-carboxamide,C15H25N5O15P2,C15H21N5O15P2,-4,,C04896
prlp,5-[(5-phospho-1-deoxyribulos-1-ylamino)methylideneamino]-1-(5-phosphoribosyl)imidazole-4-carboxamide,C15H25N5O15P2,C15H21N5O15P2,-4,,C04916
pro-L,L-Proline,C5H9NO2,C5H9NO2,0,147-85-3,C00148
protrna,L-Prolyl-tRNA(Pro),,C5H8NOR,1,,C02702
prpp,5-Phospho-alpha-D-ribose 1-diphosphate,C5H13O14P3,C5H8O14P3,-5,,C00119
ptrc,Putrescine,C4H12N2,C4H14N2,2,110-60-1,C00134
pullulan1200,"pullulan (n=1200 repeat units, alpha-1,4 and alph-1,6 bounds)",C7200H12002O6001,C7200H12002O6001,0,,
pydx5p,Pyridoxal 5'-phosphate,C8H10NO6P,C8H8NO6P,-2,54-47-7,C00018
pyr,Pyruvate,C3H4O3,C3H3O3,-1,127-17-3,C00022
q,Ubiquinone,,C14H18O4,0,,C01317
qh2,Ubiquinol,,C14H20O4,0,,C00390
quln,Quinolinate,C7H5NO4,C7H3NO4,-2,89-00-9,C03722
r1p,alpha-D-Ribose 1-phosphate,C5H11O8P,C5H9O8P,-2,58459-37-3,C00442
r5p,alpha-D-Ribose 5-phosphate,C5H11O8P,C5H9O8P,-2,4300-28-1,C00117
raffin,Raffinose,,C18H32O16,0,512-69-6,C00492
rbl-L,L-Ribulose,,C5H10O5,0,,C00508
rhcys,S-Ribosyl-L-homocysteine,C9H17NO6S,C9H17NO6S,0,37558-16-0,C03539
rib-D,D-Ribose,,C5H10O5,0,50-69-1,C00121
ribflv,Riboflavin,,C17H20N4O6,0,83-88-5,C00255
rml,L-Rhamnulose,,C6H12O5,0,,C00861
rml1p,L-Rhamnulose 1-phosphate,C6H13O8P,C6H11O8P,-2,,C01131
rmn,L-Rhamnose,,C6H12O5,0,3615-41-6,C00507
rnam,N-Ribosylnicotinamide,,C11H15N2O5,1,,C03150
ru5p-D,D-Ribulose 5-phosphate,C5H11O8P,C5H9O8P,-2,4151-19-3,C00199
ru5p-L,L-Ribulose 5-phosphate,C5H11O8P,C5H9O8P,-2,,C01101
s,Sulfur,,S,0,7704-34-9,C00087
s17bp,"Sedoheptulose 1,7-bisphosphate",C7H16O13P2,C7H12O13P2,-4,,C00447
s2l2fn2m2masn,PA6,,C90H145N6O65X,-2,,
s2l2n2m2masn,de-Fuc form of PA6,,C84H135N6O61X,-2,,
s7p,Sedoheptulose 7-phosphate,C7H15O10P,C7H13O10P,-2,None,C00281
ser-L,L-Serine,C3H7NO3,C3H7NO3,0,56-45-1,C00065
sertrna,L-Seryl-tRNA(Ser),,C3H6NO2R,1,,C02553
skm,Shikimate,C7H10O5,C7H9O5,-1,138-59-0,C00493
skm5p,Shikimate 5-phosphate,C7H11O8P,C7H8O8P,-3,,C03175
spmd,Spermidine,C7H19N3,C7H22N3,3,124-20-9,C00315
sprm,Spermine,,C10H30N4,4,71-44-3,C00750
starch1200,"starch n=1200 repeat units (300 repeat units amylose, 900 repeat units amylopectin, corresponds to potato starch)",C7200H12002O6001,C7200H12002O6001,0,,
succ,Succinate,C4H6O4,C4H4O4,-2,110-15-6,C00042
succoa,Succinyl-CoA,C25H40N7O19P3S,C25H35N7O19P3S,-5,604-98-8,C00091
suchms,O-Succinyl-L-homoserine,C8H13NO6,C8H12NO6,-1,1492-23-5,C01118
sucr,Sucrose,,C12H22O11,0,57-50-1,C00089
tagur,D-Tagaturonate,C6H10O7,C6H9O7,-1,None,C00558
tdeACP,cis-tetradec-7-enoyl-[acyl-carrier protein] (n-C14:1),,C25H45N2O8PRS,-1,,
thdp,"2,3,4,5-Tetrahydrodipicolinate",C7H9NO4,C7H7NO4,-2,,C03972
thf,"5,6,7,8-Tetrahydrofolate",C19H23N7O6,C19H21N7O6,-2,135-16-0,C00101
thfglu,Tetrahydrofolyl-[Glu](2),C24H30N8O9,C24H27N8O9,-3,,C09332
thglu,Tetrahydropteroyltri-L-glutamate,C24H34N8O12,C24H32N8O12,-2,,C04144
thmmp,Thiamin monophosphate,,C12H16N4O4PS,-1,532-40-1,C01081
thmpp,Thiamine diphosphate,C12H19N4O7P2S,C12H16N4O7P2S,-2,154-87-0,C00068
thr-L,L-Threonine,C4H9NO3,C4H9NO3,0,72-19-5,C00188
thrtrna,L-Threonyl-tRNA(Thr),,C4H8NO2R,1,,C02992
thym,Thymine,,C5H6N2O2,0,65-71-4,C00178
thymd,Thymidine,,C10H14N2O5,0,50-89-5,C00214
trdox,Oxidized thioredoxin,,X,0,,C00343
trdrd,Reduced thioredoxin,,XH2,0,,C00342
tre,Trehalose,,C12H22O11,0,99-20-7,C01083
trnaala,tRNA(Ala),,R,0,,C01635
trnaarg,tRNA(Arg),,R,0,,C01636
trnaasn,tRNA(Asn),,C10H17O10PR2,0,,C01637
trnaasp,tRNA(Asp),,R,0,,C01638
trnacys,tRNA(Cys),,R,0,,C01639
trnagln,tRNA(Gln),,R,0,,C01640
trnaglu,tRNA (Glu),,R,0,None,C01641
trnagly,tRNA(Gly),,R,0,,C01642
trnahis,tRNA(His),,R,0,,C01643
trnaile,tRNA(Ile),,R,0,,C01644
trnaleu,tRNA(Leu),,R,0,,C01645
trnalys,tRNA(Lys),,R,0,,C01646
trnamet,tRNA(Met),,R,0,,C01647
trnaphe,tRNA(Phe),,R,0,,C01648
trnapro,tRNA(Pro),,R,0,,C01649
trnaser,tRNA(Ser),,R,0,,C01650
trnathr,tRNA(Thr),,R,0,,C01651
trnatrp,tRNA(Trp),,R,0,,C01652
trnatyr,tRNA(Tyr),,R,0,,C00787
trnaval,tRNA(Val),,R,0,,C01653
trp-L,L-Tryptophan,C11H12N2O2,C11H12N2O2,0,73-22-3,C00078
trpglcur,tryptophanyl-beta-D-glucuronide,C17H20N2O8,C17H20N2O8,0,,
trptrna,L-Tryptophanyl-tRNA(Trp),,C11H11N2OR,1,,C03512
tyr-L,L-Tyrosine,C9H11NO3,C9H11NO3,0,60-18-4,C00082
tyrtrna,L-Tyrosyl-tRNA(Tyr),,C9H10NO2R,1,,C02839
uGgl,UDP-N-acetylmuramoyl-L-alanyl-gamma-D-glutamyl-L-lysine,C34H55N7O24P2,C34H52N7O24P2,-3,,C05892
uGgla,UDP-N-acetylmuramoyl-L-alanyl-gamma-D-glutamyl-L-lysyl-D-alanyl-D-alanine,C40H65N9O26P2,C40H62N9O26P2,-3,,C04702
uaGgla,Undecaprenyl-diphospho-N-acetylmuramoyl-L-alanyl-gamma-D-glutamyl-L-lysyl-D-alanyl-D-alanine,C86H143N7O21P2,C86H140N7O21P2,-3,,C04851
uaaGgla,Undecaprenyl-diphospho-N-acetylmuramoyl-(N-acetylglucosamine)-L-alanyl-gamma-D-glutamyl-L-lysyl-D-alanyl-D-alanine,C94H156N8O26P2,C94H153N8O26P2,-3,,C05893
uaaGgtla,Undecaprenyl-diphospho-N-acetylmuramoyl-(N-acetylglucosamine)-L-alanyl-D-isoglutaminyl-L-lysyl-D-alanyl-D-alanine,C94H157N9O25P2,C94H155N9O25P2,-2,,C05894
uaccg,UDP-N-acetyl-3-O-(1-carboxyvinyl)-D-glucosamine,C20H29N3O19P2,C20H26N3O19P2,-3,,C04631
uacgam,UDP-N-acetyl-D-glucosamine,C17H27N3O17P2,C17H25N3O17P2,-2,,C00043
uama,UDP-N-acetylmuramoyl-L-alanine,C23H36N4O20P2,C23H33N4O20P2,-3,,C01212
uamag,UDP-N-acetylmuramoyl-L-alanyl-D-glutamate,C28H43N5O23P2,C28H39N5O23P2,-4,,C00692
uamr,UDP-N-acetylmuramate,C20H31N3O19P2,C20H28N3O19P2,-3,,C01050
udcpdp,Undecaprenyl diphosphate,C55H92O7P2,C55H89O7P2,-3,,C03543
udcpp,Undecaprenyl phosphate,C55H91O4P,C55H89O4P,-2,,C00348
udp,UDP,C9H14N2O12P2,C9H11N2O12P2,-3,58-98-0,C00015
udpg,UDPglucose,C15H24N2O17P2,C15H22N2O17P2,-2,,C00029
udpgal,UDPgalactose,C15H24N2O17P2,C15H22N2O17P2,-2,,C00052
udpglcur,UDP-D-glucuronate,C15H22N2O18P2,C15H19N2O18P2,-3,,C00167
ump,UMP,C9H13N2O9P,C9H11N2O9P,-2,58-97-9,C00105
ura,Uracil,,C4H4N2O2,0,66-22-8,C00106
uri,Uridine,,C9H12N2O6,0,58-96-8,C00299
utp,UTP,C9H15N2O15P3,C9H11N2O15P3,-4,63-39-8,C00075
val-L,L-Valine,C5H11NO2,C5H11NO2,0,72-18-4,C00183
valtrna,L-Valyl-tRNA(Val),,C5H10NOR,1,,C02554
xan,Xanthine,,C5H4N4O2,0,69-89-6,C00385
xmp,Xanthosine 5'-phosphate,C10H13N4O9P,C10H11N4O9P,-2,523-98-8,C00655
xtsn,Xanthosine,,C10H12N4O6,0,146-80-5,C01762
xu5p-D,D-Xylulose 5-phosphate,C5H11O8P,C5H9O8P,-2,None,C00231
xyl-D,D-Xylose,,C5H10O5,0,58-86-6,C00181
xyl3,xylotriose,C15H26O13,C15H26O13,0,,
xyl4,xylotetraose,C20H34O17,C20H34O17,0,,
xylan12,"Xylan (12 backbone units, 3 glcur side chain)",,C78H119O67,-3,,
xylan4,"Xylan (4 backbone units, 1 glcur side chain)",C26H42O23,C26H41O23,-1,,
xylan8,"Xylan (8 backbone units, 2 glcur side chain)",C52H80O45,C52H80O45,-2,,
xylb,Xylobiose,C10H18O9,C10H18O9,0,,
xylu-D,D-Xylulose,,C5H10O5,0,551-84-8,C00310
zn2,Zinc,,Zn,2,7440-66-6,C00038
